heure;variable;valeur
15/06/2023 17:50:00;CHMED_EAU_CSEP;0
15/06/2023 17:50:00;CHMED_VAP_CSEP;0
15/06/2023 17:50:00;CHMEP_EAU_INDUS_AMONT;0
15/06/2023 17:50:00;CHMEP_EAU_INDUS_AVAL;0
15/06/2023 17:50:00;CHMEP_VAP_CSEP;0
15/06/2023 17:50:00;GSMEPCOMP;0
15/06/2023 17:50:00;MW_PRMEI404801;0
15/06/2023 17:50:00;MW_PRMEI407001;0
15/06/2023 17:50:00;MW_PRMEI408001;0
15/06/2023 17:50:00;MW_PRMEI408101;0
15/06/2023 17:50:00;MW_PRMEI409501;0
15/06/2023 17:50:00;MW_PRMEI409601;0
15/06/2023 17:50:00;MW_PRMEI470501;0
15/06/2023 17:50:00;MW_PRMEI471501;0
15/06/2023 17:50:00;MW_PRMEI476001;0
15/06/2023 17:50:00;MW_PRMEI700201;0
15/06/2023 17:50:00;MW_PRMEI700301;0
15/06/2023 17:50:00;MW_PRMEN000101;0
15/06/2023 17:50:00;MW_PRMEN408201;0
15/06/2023 17:50:00;MW_PRMEN4706;0
15/06/2023 17:50:00;MW_PRMEN700501;0
15/06/2023 17:50:00;MW_PRMEN705001;0
15/06/2023 17:50:00;MW_PRMEP407001;0
15/06/2023 17:50:00;MW_PRMET407002;0
15/06/2023 17:50:00;MW_PRMET407003;0
15/06/2023 17:50:00;MW_PRMET407004;0
15/06/2023 17:50:00;MW_PRMET407005;0
15/06/2023 17:50:00;MW_PRMET407006;0
15/06/2023 17:50:00;MW_PRMET407007;0
15/06/2023 17:50:00;MW_PRMET407008;0
15/06/2023 17:50:00;MW_PRMET407009;0
15/06/2023 17:50:00;MW_PRMET701001;0
15/06/2023 17:50:00;MW_PRMET703001;0
15/06/2023 17:50:00;MW_PRMEV470601;0
15/06/2023 17:50:00;MW_PRTPA406801_ETA;0
15/06/2023 17:50:00;MW_PRTPA407001_ETA;0
15/06/2023 17:50:00;MW_PRTPA407101_ETA;0
15/06/2023 17:50:00;P4_MET_DEP_MES;0
15/06/2023 17:50:00;P4_MET_RET_MES;0
15/06/2023 17:50:00;P4LIC4000_MES;0
15/06/2023 17:50:00;P4MEDFFI4000;0
15/06/2023 17:50:00;P4MEDFI4000;0
15/06/2023 17:50:00;P4MENLI4000;0
15/06/2023 17:50:00;P4MON670101_INT;0
15/06/2023 17:50:00;P4MON670101_VIT;0
15/06/2023 17:50:00;P4MON670201_INT;0
15/06/2023 17:50:00;P4MON670201_VIT;0
15/06/2023 17:50:00;P4MON670301_INT;0
15/06/2023 17:50:00;P4MON670301_VIT;0
15/06/2023 17:50:00;P4MON670401_INT;0
15/06/2023 17:50:00;P4MON670401_VIT;0
15/06/2023 17:50:00;P4MOX671001_INT;0
15/06/2023 17:50:00;P4MOX671001_VIT;0
15/06/2023 17:50:00;P4MOX671101_INT;0
15/06/2023 17:50:00;P4MOX671101_VIT;0
15/06/2023 17:50:00;P4MOX671201_INT;0
15/06/2023 17:50:00;P4MOX671201_VIT;0
15/06/2023 17:50:00;P4MOX671301_INT;0
15/06/2023 17:50:00;P4MOX671301_VIT;0
15/06/2023 17:50:00;P4MOX671401_INT;0
15/06/2023 17:50:00;P4MOX671401_VIT;0
15/06/2023 17:50:00;PLMEI477001;0
15/06/2023 17:50:00;PLMEI477501_MES;0
15/06/2023 17:50:00;PLMEI477701;0
15/06/2023 17:50:00;PLMES477201;0
15/06/2023 17:50:00;PLMES477301;0
15/06/2023 17:50:00;PLMET477201;0
15/06/2023 17:50:00;PLMET477202;0
15/06/2023 17:50:00;PLMET477203;0
15/06/2023 17:50:00;PLMET477204;0
15/06/2023 17:50:00;PLMET477501_MES;0
15/06/2023 17:50:00;PLMET477502_MES;0
15/06/2023 17:50:00;PLMET477503_MES;0
15/06/2023 17:50:00;PLMEX477201;0
15/06/2023 17:50:00;PLREGI4772_MES;0
15/06/2023 17:50:00;PLREGI4773_MES;0
15/06/2023 17:50:00;PLREGT4772_MES;0
15/06/2023 17:50:00;PLREGT4773_MES;0
15/06/2023 17:50:00;PR_PRODUIT_G1;0
15/06/2023 17:50:00;PRBOA401100_ANIM;0
15/06/2023 17:50:00;PRBOA403100_ANIM;0
15/06/2023 17:50:00;PRBRO405500_ETA;0
15/06/2023 17:50:00;PRBRO405600_ETA;0
15/06/2023 17:50:00;PRBRO405700_ETA;0
15/06/2023 17:50:00;PRBRO405800_ETA;0
15/06/2023 17:50:00;PRCOR701001_ETA;0
15/06/2023 17:50:00;PRCOR701005_TEMP;0
15/06/2023 17:50:00;PRCOR701006_TEMP;0
15/06/2023 17:50:00;PRCOR701007_TEMP;0
15/06/2023 17:50:00;PRCOR702001_ETA;0
15/06/2023 17:50:00;PRCOR702005_TEMP;0
15/06/2023 17:50:00;PRCOR702006_TEMP;0
15/06/2023 17:50:00;PRCOR702007_TEMP;0
15/06/2023 17:50:00;PRCOR703001_ETA;0
15/06/2023 17:50:00;PRCOR703005_TEMP;0
15/06/2023 17:50:00;PRCOR703006_TEMP;0
15/06/2023 17:50:00;PRCOR703007_TEMP;0
15/06/2023 17:50:00;PRCOR704001_ETA;0
15/06/2023 17:50:00;PRCOR704005_TEMP;64
15/06/2023 17:51:00;CHMED_EAU_CSEP;0
15/06/2023 17:51:00;CHMED_VAP_CSEP;0
15/06/2023 17:51:00;CHMEP_EAU_INDUS_AMONT;0
15/06/2023 17:51:00;CHMEP_EAU_INDUS_AVAL;0
15/06/2023 17:51:00;CHMEP_VAP_CSEP;0
15/06/2023 17:51:00;GSMEPCOMP;0
15/06/2023 17:51:00;MW_PRMEI404801;0
15/06/2023 17:51:00;MW_PRMEI407001;0
15/06/2023 17:51:00;MW_PRMEI408001;0
15/06/2023 17:51:00;MW_PRMEI408101;0
15/06/2023 17:51:00;MW_PRMEI409501;0
15/06/2023 17:51:00;MW_PRMEI409601;0
15/06/2023 17:51:00;MW_PRMEI470501;0
15/06/2023 17:51:00;MW_PRMEI471501;0
15/06/2023 17:51:00;MW_PRMEI476001;0
15/06/2023 17:51:00;MW_PRMEI700201;0
15/06/2023 17:51:00;MW_PRMEI700301;0
15/06/2023 17:51:00;MW_PRMEN000101;0
15/06/2023 17:51:00;MW_PRMEN408201;0
15/06/2023 17:51:00;MW_PRMEN4706;0
15/06/2023 17:51:00;MW_PRMEN700501;0
15/06/2023 17:51:00;MW_PRMEN705001;0
15/06/2023 17:51:00;MW_PRMEP407001;0
15/06/2023 17:51:00;MW_PRMET407002;0
15/06/2023 17:51:00;MW_PRMET407003;0
15/06/2023 17:51:00;MW_PRMET407004;0
15/06/2023 17:51:00;MW_PRMET407005;0
15/06/2023 17:51:00;MW_PRMET407006;0
15/06/2023 17:51:00;MW_PRMET407007;0
15/06/2023 17:51:00;MW_PRMET407008;0
15/06/2023 17:51:00;MW_PRMET407009;0
15/06/2023 17:51:00;MW_PRMET701001;0
15/06/2023 17:51:00;MW_PRMET703001;0
15/06/2023 17:51:00;MW_PRMEV470601;0
15/06/2023 17:51:00;MW_PRTPA406801_ETA;0
15/06/2023 17:51:00;MW_PRTPA407001_ETA;0
15/06/2023 17:51:00;MW_PRTPA407101_ETA;0
15/06/2023 17:51:00;P4_MET_DEP_MES;0
15/06/2023 17:51:00;P4_MET_RET_MES;0
15/06/2023 17:51:00;P4LIC4000_MES;0
15/06/2023 17:51:00;P4MEDFFI4000;0
15/06/2023 17:51:00;P4MEDFI4000;0
15/06/2023 17:51:00;P4MENLI4000;0
15/06/2023 17:51:00;P4MON670101_INT;0
15/06/2023 17:51:00;P4MON670101_VIT;0
15/06/2023 17:51:00;P4MON670201_INT;0
15/06/2023 17:51:00;P4MON670201_VIT;0
15/06/2023 17:51:00;P4MON670301_INT;0
15/06/2023 17:51:00;P4MON670301_VIT;0
15/06/2023 17:51:00;P4MON670401_INT;0
15/06/2023 17:51:00;P4MON670401_VIT;0
15/06/2023 17:51:00;P4MOX671001_INT;0
15/06/2023 17:51:00;P4MOX671001_VIT;0
15/06/2023 17:51:00;P4MOX671101_INT;0
15/06/2023 17:51:00;P4MOX671101_VIT;0
15/06/2023 17:51:00;P4MOX671201_INT;0
15/06/2023 17:51:00;P4MOX671201_VIT;0
15/06/2023 17:51:00;P4MOX671301_INT;0
15/06/2023 17:51:00;P4MOX671301_VIT;0
15/06/2023 17:51:00;P4MOX671401_INT;0
15/06/2023 17:51:00;P4MOX671401_VIT;0
15/06/2023 17:51:00;PLMEI477001;0
15/06/2023 17:51:00;PLMEI477501_MES;0
15/06/2023 17:51:00;PLMEI477701;0
15/06/2023 17:51:00;PLMES477201;0
15/06/2023 17:51:00;PLMES477301;0
15/06/2023 17:51:00;PLMET477201;0
15/06/2023 17:51:00;PLMET477202;0
15/06/2023 17:51:00;PLMET477203;0
15/06/2023 17:51:00;PLMET477204;0
15/06/2023 17:51:00;PLMET477501_MES;0
15/06/2023 17:51:00;PLMET477502_MES;0
15/06/2023 17:51:00;PLMET477503_MES;0
15/06/2023 17:51:00;PLMEX477201;0
15/06/2023 17:51:00;PLREGI4772_MES;0
15/06/2023 17:51:00;PLREGI4773_MES;0
15/06/2023 17:51:00;PLREGT4772_MES;0
15/06/2023 17:51:00;PLREGT4773_MES;0
15/06/2023 17:51:00;PR_PRODUIT_G1;0
15/06/2023 17:51:00;PRBOA401100_ANIM;0
15/06/2023 17:51:00;PRBOA403100_ANIM;0
15/06/2023 17:51:00;PRBRO405500_ETA;0
15/06/2023 17:51:00;PRBRO405600_ETA;0
15/06/2023 17:51:00;PRBRO405700_ETA;0
15/06/2023 17:51:00;PRBRO405800_ETA;0
15/06/2023 17:51:00;PRCOR701001_ETA;0
15/06/2023 17:51:00;PRCOR701005_TEMP;0
15/06/2023 17:51:00;PRCOR701006_TEMP;0
15/06/2023 17:51:00;PRCOR701007_TEMP;0
15/06/2023 17:51:00;PRCOR702001_ETA;0
15/06/2023 17:51:00;PRCOR702005_TEMP;0
15/06/2023 17:51:00;PRCOR702006_TEMP;0
15/06/2023 17:51:00;PRCOR702007_TEMP;0
15/06/2023 17:51:00;PRCOR703001_ETA;0
15/06/2023 17:51:00;PRCOR703005_TEMP;0
15/06/2023 17:51:00;PRCOR703006_TEMP;0
15/06/2023 17:51:00;PRCOR703007_TEMP;0
15/06/2023 17:51:00;PRCOR704001_ETA;0
15/06/2023 17:51:00;PRCOR704005_TEMP;64
15/06/2023 17:52:00;CHMED_EAU_CSEP;0
15/06/2023 17:52:00;CHMED_VAP_CSEP;0
15/06/2023 17:52:00;CHMEP_EAU_INDUS_AMONT;0
15/06/2023 17:52:00;CHMEP_EAU_INDUS_AVAL;0
15/06/2023 17:52:00;CHMEP_VAP_CSEP;0
15/06/2023 17:52:00;GSMEPCOMP;0
15/06/2023 17:52:00;MW_PRMEI404801;0
15/06/2023 17:52:00;MW_PRMEI407001;0
15/06/2023 17:52:00;MW_PRMEI408001;0
15/06/2023 17:52:00;MW_PRMEI408101;0
15/06/2023 17:52:00;MW_PRMEI409501;0
15/06/2023 17:52:00;MW_PRMEI409601;0
15/06/2023 17:52:00;MW_PRMEI470501;0
15/06/2023 17:52:00;MW_PRMEI471501;0
15/06/2023 17:52:00;MW_PRMEI476001;0
15/06/2023 17:52:00;MW_PRMEI700201;0
15/06/2023 17:52:00;MW_PRMEI700301;0
15/06/2023 17:52:00;MW_PRMEN000101;0
15/06/2023 17:52:00;MW_PRMEN408201;0
15/06/2023 17:52:00;MW_PRMEN4706;0
15/06/2023 17:52:00;MW_PRMEN700501;0
15/06/2023 17:52:00;MW_PRMEN705001;0
15/06/2023 17:52:00;MW_PRMEP407001;0
15/06/2023 17:52:00;MW_PRMET407002;0
15/06/2023 17:52:00;MW_PRMET407003;0
15/06/2023 17:52:00;MW_PRMET407004;0
15/06/2023 17:52:00;MW_PRMET407005;0
15/06/2023 17:52:00;MW_PRMET407006;0
15/06/2023 17:52:00;MW_PRMET407007;0
15/06/2023 17:52:00;MW_PRMET407008;0
15/06/2023 17:52:00;MW_PRMET407009;0
15/06/2023 17:52:00;MW_PRMET701001;0
15/06/2023 17:52:00;MW_PRMET703001;0
15/06/2023 17:52:00;MW_PRMEV470601;0
15/06/2023 17:52:00;MW_PRTPA406801_ETA;0
15/06/2023 17:52:00;MW_PRTPA407001_ETA;0
15/06/2023 17:52:00;MW_PRTPA407101_ETA;0
15/06/2023 17:52:00;P4_MET_DEP_MES;0
15/06/2023 17:52:00;P4_MET_RET_MES;0
15/06/2023 17:52:00;P4LIC4000_MES;0
15/06/2023 17:52:00;P4MEDFFI4000;0
15/06/2023 17:52:00;P4MEDFI4000;0
15/06/2023 17:52:00;P4MENLI4000;0
15/06/2023 17:52:00;P4MON670101_INT;0
15/06/2023 17:52:00;P4MON670101_VIT;0
15/06/2023 17:52:00;P4MON670201_INT;0
15/06/2023 17:52:00;P4MON670201_VIT;0
15/06/2023 17:52:00;P4MON670301_INT;0
15/06/2023 17:52:00;P4MON670301_VIT;0
15/06/2023 17:52:00;P4MON670401_INT;0
15/06/2023 17:52:00;P4MON670401_VIT;0
15/06/2023 17:52:00;P4MOX671001_INT;0
15/06/2023 17:52:00;P4MOX671001_VIT;0
15/06/2023 17:52:00;P4MOX671101_INT;0
15/06/2023 17:52:00;P4MOX671101_VIT;0
15/06/2023 17:52:00;P4MOX671201_INT;0
15/06/2023 17:52:00;P4MOX671201_VIT;0
15/06/2023 17:52:00;P4MOX671301_INT;0
15/06/2023 17:52:00;P4MOX671301_VIT;0
15/06/2023 17:52:00;P4MOX671401_INT;0
15/06/2023 17:52:00;P4MOX671401_VIT;0
15/06/2023 17:52:00;PLMEI477001;0
15/06/2023 17:52:00;PLMEI477501_MES;0
15/06/2023 17:52:00;PLMEI477701;0
15/06/2023 17:52:00;PLMES477201;0
15/06/2023 17:52:00;PLMES477301;0
15/06/2023 17:52:00;PLMET477201;0
15/06/2023 17:52:00;PLMET477202;0
15/06/2023 17:52:00;PLMET477203;0
15/06/2023 17:52:00;PLMET477204;0
15/06/2023 17:52:00;PLMET477501_MES;0
15/06/2023 17:52:00;PLMET477502_MES;0
15/06/2023 17:52:00;PLMET477503_MES;0
15/06/2023 17:52:00;PLMEX477201;0
15/06/2023 17:52:00;PLREGI4772_MES;0
15/06/2023 17:52:00;PLREGI4773_MES;0
15/06/2023 17:52:00;PLREGT4772_MES;0
15/06/2023 17:52:00;PLREGT4773_MES;0
15/06/2023 17:52:00;PR_PRODUIT_G1;0
15/06/2023 17:52:00;PRBOA401100_ANIM;0
15/06/2023 17:52:00;PRBOA403100_ANIM;0
15/06/2023 17:52:00;PRBRO405500_ETA;0
15/06/2023 17:52:00;PRBRO405600_ETA;0
15/06/2023 17:52:00;PRBRO405700_ETA;0
15/06/2023 17:52:00;PRBRO405800_ETA;0
15/06/2023 17:52:00;PRCOR701001_ETA;0
15/06/2023 17:52:00;PRCOR701005_TEMP;0
15/06/2023 17:52:00;PRCOR701006_TEMP;0
15/06/2023 17:52:00;PRCOR701007_TEMP;0
15/06/2023 17:52:00;PRCOR702001_ETA;0
15/06/2023 17:52:00;PRCOR702005_TEMP;0
15/06/2023 17:52:00;PRCOR702006_TEMP;0
15/06/2023 17:52:00;PRCOR702007_TEMP;0
15/06/2023 17:52:00;PRCOR703001_ETA;0
15/06/2023 17:52:00;PRCOR703005_TEMP;0
15/06/2023 17:52:00;PRCOR703006_TEMP;0
15/06/2023 17:52:00;PRCOR703007_TEMP;0
15/06/2023 17:52:00;PRCOR704001_ETA;0
15/06/2023 17:52:00;PRCOR704005_TEMP;64
15/06/2023 17:53:00;CHMED_EAU_CSEP;0
15/06/2023 17:53:00;CHMED_VAP_CSEP;0
15/06/2023 17:53:00;CHMEP_EAU_INDUS_AMONT;0
15/06/2023 17:53:00;CHMEP_EAU_INDUS_AVAL;0
15/06/2023 17:53:00;CHMEP_VAP_CSEP;0
15/06/2023 17:53:00;GSMEPCOMP;0
15/06/2023 17:53:00;MW_PRMEI404801;0
15/06/2023 17:53:00;MW_PRMEI407001;0
15/06/2023 17:53:00;MW_PRMEI408001;0
15/06/2023 17:53:00;MW_PRMEI408101;0
15/06/2023 17:53:00;MW_PRMEI409501;0
15/06/2023 17:53:00;MW_PRMEI409601;0
15/06/2023 17:53:00;MW_PRMEI470501;0
15/06/2023 17:53:00;MW_PRMEI471501;0
15/06/2023 17:53:00;MW_PRMEI476001;0
15/06/2023 17:53:00;MW_PRMEI700201;0
15/06/2023 17:53:00;MW_PRMEI700301;0
15/06/2023 17:53:00;MW_PRMEN000101;0
15/06/2023 17:53:00;MW_PRMEN408201;0
15/06/2023 17:53:00;MW_PRMEN4706;0
15/06/2023 17:53:00;MW_PRMEN700501;0
15/06/2023 17:53:00;MW_PRMEN705001;0
15/06/2023 17:53:00;MW_PRMEP407001;0
15/06/2023 17:53:00;MW_PRMET407002;0
15/06/2023 17:53:00;MW_PRMET407003;0
15/06/2023 17:53:00;MW_PRMET407004;0
15/06/2023 17:53:00;MW_PRMET407005;0
15/06/2023 17:53:00;MW_PRMET407006;0
15/06/2023 17:53:00;MW_PRMET407007;0
15/06/2023 17:53:00;MW_PRMET407008;0
15/06/2023 17:53:00;MW_PRMET407009;0
15/06/2023 17:53:00;MW_PRMET701001;0
15/06/2023 17:53:00;MW_PRMET703001;0
15/06/2023 17:53:00;MW_PRMEV470601;0
15/06/2023 17:53:00;MW_PRTPA406801_ETA;0
15/06/2023 17:53:00;MW_PRTPA407001_ETA;0
15/06/2023 17:53:00;MW_PRTPA407101_ETA;0
15/06/2023 17:53:00;P4_MET_DEP_MES;0
15/06/2023 17:53:00;P4_MET_RET_MES;0
15/06/2023 17:53:00;P4LIC4000_MES;0
15/06/2023 17:53:00;P4MEDFFI4000;0
15/06/2023 17:53:00;P4MEDFI4000;0
15/06/2023 17:53:00;P4MENLI4000;0
15/06/2023 17:53:00;P4MON670101_INT;0
15/06/2023 17:53:00;P4MON670101_VIT;0
15/06/2023 17:53:00;P4MON670201_INT;0
15/06/2023 17:53:00;P4MON670201_VIT;0
15/06/2023 17:53:00;P4MON670301_INT;0
15/06/2023 17:53:00;P4MON670301_VIT;0
15/06/2023 17:53:00;P4MON670401_INT;0
15/06/2023 17:53:00;P4MON670401_VIT;0
15/06/2023 17:53:00;P4MOX671001_INT;0
15/06/2023 17:53:00;P4MOX671001_VIT;0
15/06/2023 17:53:00;P4MOX671101_INT;0
15/06/2023 17:53:00;P4MOX671101_VIT;0
15/06/2023 17:53:00;P4MOX671201_INT;0
15/06/2023 17:53:00;P4MOX671201_VIT;0
15/06/2023 17:53:00;P4MOX671301_INT;0
15/06/2023 17:53:00;P4MOX671301_VIT;0
15/06/2023 17:53:00;P4MOX671401_INT;0
15/06/2023 17:53:00;P4MOX671401_VIT;0
15/06/2023 17:53:00;PLMEI477001;0
15/06/2023 17:53:00;PLMEI477501_MES;0
15/06/2023 17:53:00;PLMEI477701;0
15/06/2023 17:53:00;PLMES477201;0
15/06/2023 17:53:00;PLMES477301;0
15/06/2023 17:53:00;PLMET477201;0
15/06/2023 17:53:00;PLMET477202;0
15/06/2023 17:53:00;PLMET477203;0
15/06/2023 17:53:00;PLMET477204;0
15/06/2023 17:53:00;PLMET477501_MES;0
15/06/2023 17:53:00;PLMET477502_MES;0
15/06/2023 17:53:00;PLMET477503_MES;0
15/06/2023 17:53:00;PLMEX477201;0
15/06/2023 17:53:00;PLREGI4772_MES;0
15/06/2023 17:53:00;PLREGI4773_MES;0
15/06/2023 17:53:00;PLREGT4772_MES;0
15/06/2023 17:53:00;PLREGT4773_MES;0
15/06/2023 17:53:00;PR_PRODUIT_G1;0
15/06/2023 17:53:00;PRBOA401100_ANIM;0
15/06/2023 17:53:00;PRBOA403100_ANIM;0
15/06/2023 17:53:00;PRBRO405500_ETA;0
15/06/2023 17:53:00;PRBRO405600_ETA;0
15/06/2023 17:53:00;PRBRO405700_ETA;0
15/06/2023 17:53:00;PRBRO405800_ETA;0
15/06/2023 17:53:00;PRCOR701001_ETA;0
15/06/2023 17:53:00;PRCOR701005_TEMP;0
15/06/2023 17:53:00;PRCOR701006_TEMP;0
15/06/2023 17:53:00;PRCOR701007_TEMP;0
15/06/2023 17:53:00;PRCOR702001_ETA;0
15/06/2023 17:53:00;PRCOR702005_TEMP;0
15/06/2023 17:53:00;PRCOR702006_TEMP;0
15/06/2023 17:53:00;PRCOR702007_TEMP;0
15/06/2023 17:53:00;PRCOR703001_ETA;0
15/06/2023 17:53:00;PRCOR703005_TEMP;0
15/06/2023 17:53:00;PRCOR703006_TEMP;0
15/06/2023 17:53:00;PRCOR703007_TEMP;0
15/06/2023 17:53:00;PRCOR704001_ETA;0
15/06/2023 17:53:00;PRCOR704005_TEMP;64
15/06/2023 17:54:00;CHMED_EAU_CSEP;0
15/06/2023 17:54:00;CHMED_VAP_CSEP;0
15/06/2023 17:54:00;CHMEP_EAU_INDUS_AMONT;0
15/06/2023 17:54:00;CHMEP_EAU_INDUS_AVAL;0
15/06/2023 17:54:00;CHMEP_VAP_CSEP;0
15/06/2023 17:54:00;GSMEPCOMP;0
15/06/2023 17:54:00;MW_PRMEI404801;0
15/06/2023 17:54:00;MW_PRMEI407001;0
15/06/2023 17:54:00;MW_PRMEI408001;0
15/06/2023 17:54:00;MW_PRMEI408101;0
15/06/2023 17:54:00;MW_PRMEI409501;0
15/06/2023 17:54:00;MW_PRMEI409601;0
15/06/2023 17:54:00;MW_PRMEI470501;0
15/06/2023 17:54:00;MW_PRMEI471501;0
15/06/2023 17:54:00;MW_PRMEI476001;0
15/06/2023 17:54:00;MW_PRMEI700201;0
15/06/2023 17:54:00;MW_PRMEI700301;0
15/06/2023 17:54:00;MW_PRMEN000101;0
15/06/2023 17:54:00;MW_PRMEN408201;0
15/06/2023 17:54:00;MW_PRMEN4706;0
15/06/2023 17:54:00;MW_PRMEN700501;0
15/06/2023 17:54:00;MW_PRMEN705001;0
15/06/2023 17:54:00;MW_PRMEP407001;0
15/06/2023 17:54:00;MW_PRMET407002;0
15/06/2023 17:54:00;MW_PRMET407003;0
15/06/2023 17:54:00;MW_PRMET407004;0
15/06/2023 17:54:00;MW_PRMET407005;0
15/06/2023 17:54:00;MW_PRMET407006;0
15/06/2023 17:54:00;MW_PRMET407007;0
15/06/2023 17:54:00;MW_PRMET407008;0
15/06/2023 17:54:00;MW_PRMET407009;0
15/06/2023 17:54:00;MW_PRMET701001;0
15/06/2023 17:54:00;MW_PRMET703001;0
15/06/2023 17:54:00;MW_PRMEV470601;0
15/06/2023 17:54:00;MW_PRTPA406801_ETA;0
15/06/2023 17:54:00;MW_PRTPA407001_ETA;0
15/06/2023 17:54:00;MW_PRTPA407101_ETA;0
15/06/2023 17:54:00;P4_MET_DEP_MES;0
15/06/2023 17:54:00;P4_MET_RET_MES;0
15/06/2023 17:54:00;P4LIC4000_MES;0
15/06/2023 17:54:00;P4MEDFFI4000;0
15/06/2023 17:54:00;P4MEDFI4000;0
15/06/2023 17:54:00;P4MENLI4000;0
15/06/2023 17:54:00;P4MON670101_INT;0
15/06/2023 17:54:00;P4MON670101_VIT;0
15/06/2023 17:54:00;P4MON670201_INT;0
15/06/2023 17:54:00;P4MON670201_VIT;0
15/06/2023 17:54:00;P4MON670301_INT;0
15/06/2023 17:54:00;P4MON670301_VIT;0
15/06/2023 17:54:00;P4MON670401_INT;0
15/06/2023 17:54:00;P4MON670401_VIT;0
15/06/2023 17:54:00;P4MOX671001_INT;0
15/06/2023 17:54:00;P4MOX671001_VIT;0
15/06/2023 17:54:00;P4MOX671101_INT;0
15/06/2023 17:54:00;P4MOX671101_VIT;0
15/06/2023 17:54:00;P4MOX671201_INT;0
15/06/2023 17:54:00;P4MOX671201_VIT;0
15/06/2023 17:54:00;P4MOX671301_INT;0
15/06/2023 17:54:00;P4MOX671301_VIT;0
15/06/2023 17:54:00;P4MOX671401_INT;0
15/06/2023 17:54:00;P4MOX671401_VIT;0
15/06/2023 17:54:00;PLMEI477001;0
15/06/2023 17:54:00;PLMEI477501_MES;0
15/06/2023 17:54:00;PLMEI477701;0
15/06/2023 17:54:00;PLMES477201;0
15/06/2023 17:54:00;PLMES477301;0
15/06/2023 17:54:00;PLMET477201;0
15/06/2023 17:54:00;PLMET477202;0
15/06/2023 17:54:00;PLMET477203;0
15/06/2023 17:54:00;PLMET477204;0
15/06/2023 17:54:00;PLMET477501_MES;0
15/06/2023 17:54:00;PLMET477502_MES;0
15/06/2023 17:54:00;PLMET477503_MES;0
15/06/2023 17:54:00;PLMEX477201;0
15/06/2023 17:54:00;PLREGI4772_MES;0
15/06/2023 17:54:00;PLREGI4773_MES;0
15/06/2023 17:54:00;PLREGT4772_MES;0
15/06/2023 17:54:00;PLREGT4773_MES;0
15/06/2023 17:54:00;PR_PRODUIT_G1;0
15/06/2023 17:54:00;PRBOA401100_ANIM;0
15/06/2023 17:54:00;PRBOA403100_ANIM;0
15/06/2023 17:54:00;PRBRO405500_ETA;0
15/06/2023 17:54:00;PRBRO405600_ETA;0
15/06/2023 17:54:00;PRBRO405700_ETA;0
15/06/2023 17:54:00;PRBRO405800_ETA;0
15/06/2023 17:54:00;PRCOR701001_ETA;0
15/06/2023 17:54:00;PRCOR701005_TEMP;0
15/06/2023 17:54:00;PRCOR701006_TEMP;0
15/06/2023 17:54:00;PRCOR701007_TEMP;0
15/06/2023 17:54:00;PRCOR702001_ETA;0
15/06/2023 17:54:00;PRCOR702005_TEMP;0
15/06/2023 17:54:00;PRCOR702006_TEMP;0
15/06/2023 17:54:00;PRCOR702007_TEMP;0
15/06/2023 17:54:00;PRCOR703001_ETA;0
15/06/2023 17:54:00;PRCOR703005_TEMP;0
15/06/2023 17:54:00;PRCOR703006_TEMP;0
15/06/2023 17:54:00;PRCOR703007_TEMP;0
15/06/2023 17:54:00;PRCOR704001_ETA;0
15/06/2023 17:54:00;PRCOR704005_TEMP;64
15/06/2023 17:50:00;PRCOR704006_TEMP;59
15/06/2023 17:50:00;PRCOR704007_TEMP;36
15/06/2023 17:50:00;PRCORP701003_INT;0
15/06/2023 17:50:00;PRCORP702003_INT;0
15/06/2023 17:50:00;PRCORP703003_INT;0
15/06/2023 17:50:00;PRCORP704003_INT;1
15/06/2023 17:50:00;PREVA408501_ETA;0
15/06/2023 17:50:00;PREVA408601_ETA;0
15/06/2023 17:50:00;PREVA408701_ETA;0
15/06/2023 17:50:00;PREVA408801_ETA;0
15/06/2023 17:50:00;PREVA408901_ETA;0
15/06/2023 17:50:00;PREVA409001_ETA;0
15/06/2023 17:50:00;PREVA409101_ETA;0
15/06/2023 17:50:00;PREVA409201_ETA;0
15/06/2023 17:50:00;PREVA815809_ANIM;0
15/06/2023 17:50:00;PREVA915808_ANIM;0
15/06/2023 17:50:00;PRLIC4750_MES;0
15/06/2023 17:50:00;PRMEC815802_MES;0
15/06/2023 17:50:00;PRMEC915839_MES;0
15/06/2023 17:50:00;PRMED400804_MES;0
15/06/2023 17:50:00;PRMED401514_MES;0
15/06/2023 17:50:00;PRMED403514_MES;0
15/06/2023 17:50:00;PRMED476203_MES;0
15/06/2023 17:50:00;PRMED476204_MES;0
15/06/2023 17:50:00;PRMED476603_MES;0
15/06/2023 17:50:00;PRMED476604_MES;0
15/06/2023 17:50:00;PRMED715303_MES;0
15/06/2023 17:50:00;PRMED715304_MES;0
15/06/2023 17:50:00;PRMED715801_MES;0
15/06/2023 17:50:00;PRMED716801_MES;0
15/06/2023 17:50:00;PRMED815804_MES;0
15/06/2023 17:50:00;PRMED915811_MES;0
15/06/2023 17:50:00;PRMEI000301_MES;0
15/06/2023 17:50:00;PRMEI000501_MES;0
15/06/2023 17:50:00;PRMEI000601_MES;0
15/06/2023 17:50:00;PRMEI100401_MES;0
15/06/2023 17:50:00;PRMEI402021_MES;0
15/06/2023 17:50:00;PRMEI404021_MES;0
15/06/2023 17:50:00;PRMEI404501_MES;0
15/06/2023 17:50:00;PRMEI471001;0
15/06/2023 17:50:00;PRMEI472001;0
15/06/2023 17:50:00;PRMEI473001;0
15/06/2023 17:50:00;PRMEI474001;0
15/06/2023 17:50:00;PRMEI475001;0
15/06/2023 17:50:00;PRMEI705101;0
15/06/2023 17:50:00;PRMEI715801_MES;0
15/06/2023 17:50:00;PRMEI815801_MES;0
15/06/2023 17:50:00;PRMEI815802_MES;0
15/06/2023 17:50:00;PRMEI915837_MES;0
15/06/2023 17:50:00;PRMEI915838_MES;0
15/06/2023 17:50:00;PRMEN402011_MES;0
15/06/2023 17:50:00;PRMEN404011_MES;0
15/06/2023 17:50:00;PRMEN405200;0
15/06/2023 17:50:00;PRMEN4055_MES;0
15/06/2023 17:50:00;PRMEN4056_MES;0
15/06/2023 17:50:00;PRMEN4057_MES;0
15/06/2023 17:50:00;PRMEN4058_MES;0
15/06/2023 17:50:00;PRMEN476201_MES;0
15/06/2023 17:50:00;PRMEN476601_MES;0
15/06/2023 17:50:00;PRMEN715301_MES;0
15/06/2023 17:50:00;PRMEN715601_MES;0
15/06/2023 17:50:00;PRMEN716801_MES;0
15/06/2023 17:50:00;PRMEP_AIR_USINE_MES;0
15/06/2023 17:50:00;PRMEP401503_MES;0
15/06/2023 17:50:00;PRMEP403503_MES;0
15/06/2023 17:50:00;PRMEP471001_MES;0
15/06/2023 17:50:00;PRMEP472001_MES;0
15/06/2023 17:50:00;PRMEP473001_MES;0
15/06/2023 17:50:00;PRMEP474001_MES;0
15/06/2023 17:50:00;PRMEP475001_MES;0
15/06/2023 17:50:00;PRMEP716802_MES;0
15/06/2023 17:50:00;PRMEP716803_MES;0
15/06/2023 17:50:00;PRMEP716804_MES;0
15/06/2023 17:50:00;PRMEP716903_MES;0
15/06/2023 17:50:00;PRMEP716904_MES;0
15/06/2023 17:50:00;PRMET409511;0
15/06/2023 17:50:00;PRMET471001;0
15/06/2023 17:50:00;PRMET471002;0
15/06/2023 17:50:00;PRMET471003;0
15/06/2023 17:50:00;PRMET471004;0
15/06/2023 17:50:00;PRMET471005;0
15/06/2023 17:50:00;PRMET471006;0
15/06/2023 17:50:00;PRMET471007;0
15/06/2023 17:50:00;PRMET471008;0
15/06/2023 17:50:00;PRMET471009;0
15/06/2023 17:50:00;PRMET471010;0
15/06/2023 17:50:00;PRMET472001;0
15/06/2023 17:50:00;PRMET472002;0
15/06/2023 17:50:00;PRMET472003;0
15/06/2023 17:50:00;PRMET472004;0
15/06/2023 17:50:00;PRMET472005;0
15/06/2023 17:50:00;PRMET472006;0
15/06/2023 17:50:00;PRMET472007;0
15/06/2023 17:50:00;PRMET472008;0
15/06/2023 17:50:00;PRMET472009;0
15/06/2023 17:50:00;PRMET472010;0
15/06/2023 17:50:00;PRMET473001;0
15/06/2023 17:50:00;PRMET473002;0
15/06/2023 17:50:00;PRMET473003;0
15/06/2023 17:50:00;PRMET473004;0
15/06/2023 17:51:00;PRCOR704006_TEMP;59
15/06/2023 17:51:00;PRCOR704007_TEMP;36
15/06/2023 17:51:00;PRCORP701003_INT;0
15/06/2023 17:51:00;PRCORP702003_INT;0
15/06/2023 17:51:00;PRCORP703003_INT;0
15/06/2023 17:51:00;PRCORP704003_INT;1
15/06/2023 17:51:00;PREVA408501_ETA;0
15/06/2023 17:51:00;PREVA408601_ETA;0
15/06/2023 17:51:00;PREVA408701_ETA;0
15/06/2023 17:51:00;PREVA408801_ETA;0
15/06/2023 17:51:00;PREVA408901_ETA;0
15/06/2023 17:51:00;PREVA409001_ETA;0
15/06/2023 17:51:00;PREVA409101_ETA;0
15/06/2023 17:51:00;PREVA409201_ETA;0
15/06/2023 17:51:00;PREVA815809_ANIM;0
15/06/2023 17:51:00;PREVA915808_ANIM;0
15/06/2023 17:51:00;PRLIC4750_MES;0
15/06/2023 17:51:00;PRMEC815802_MES;0
15/06/2023 17:51:00;PRMEC915839_MES;0
15/06/2023 17:51:00;PRMED400804_MES;0
15/06/2023 17:51:00;PRMED401514_MES;0
15/06/2023 17:51:00;PRMED403514_MES;0
15/06/2023 17:51:00;PRMED476203_MES;0
15/06/2023 17:51:00;PRMED476204_MES;0
15/06/2023 17:51:00;PRMED476603_MES;0
15/06/2023 17:51:00;PRMED476604_MES;0
15/06/2023 17:51:00;PRMED715303_MES;0
15/06/2023 17:51:00;PRMED715304_MES;0
15/06/2023 17:51:00;PRMED715801_MES;0
15/06/2023 17:51:00;PRMED716801_MES;0
15/06/2023 17:51:00;PRMED815804_MES;0
15/06/2023 17:51:00;PRMED915811_MES;0
15/06/2023 17:51:00;PRMEI000301_MES;0
15/06/2023 17:51:00;PRMEI000501_MES;0
15/06/2023 17:51:00;PRMEI000601_MES;0
15/06/2023 17:51:00;PRMEI100401_MES;0
15/06/2023 17:51:00;PRMEI402021_MES;0
15/06/2023 17:51:00;PRMEI404021_MES;0
15/06/2023 17:51:00;PRMEI404501_MES;0
15/06/2023 17:51:00;PRMEI471001;0
15/06/2023 17:51:00;PRMEI472001;0
15/06/2023 17:51:00;PRMEI473001;0
15/06/2023 17:51:00;PRMEI474001;0
15/06/2023 17:51:00;PRMEI475001;0
15/06/2023 17:51:00;PRMEI705101;0
15/06/2023 17:51:00;PRMEI715801_MES;0
15/06/2023 17:51:00;PRMEI815801_MES;0
15/06/2023 17:51:00;PRMEI815802_MES;0
15/06/2023 17:51:00;PRMEI915837_MES;0
15/06/2023 17:51:00;PRMEI915838_MES;0
15/06/2023 17:51:00;PRMEN402011_MES;0
15/06/2023 17:51:00;PRMEN404011_MES;0
15/06/2023 17:51:00;PRMEN405200;0
15/06/2023 17:51:00;PRMEN4055_MES;0
15/06/2023 17:51:00;PRMEN4056_MES;0
15/06/2023 17:51:00;PRMEN4057_MES;0
15/06/2023 17:51:00;PRMEN4058_MES;0
15/06/2023 17:51:00;PRMEN476201_MES;0
15/06/2023 17:51:00;PRMEN476601_MES;0
15/06/2023 17:51:00;PRMEN715301_MES;0
15/06/2023 17:51:00;PRMEN715601_MES;0
15/06/2023 17:51:00;PRMEN716801_MES;0
15/06/2023 17:51:00;PRMEP_AIR_USINE_MES;0
15/06/2023 17:51:00;PRMEP401503_MES;0
15/06/2023 17:51:00;PRMEP403503_MES;0
15/06/2023 17:51:00;PRMEP471001_MES;0
15/06/2023 17:51:00;PRMEP472001_MES;0
15/06/2023 17:51:00;PRMEP473001_MES;0
15/06/2023 17:51:00;PRMEP474001_MES;0
15/06/2023 17:51:00;PRMEP475001_MES;0
15/06/2023 17:51:00;PRMEP716802_MES;0
15/06/2023 17:51:00;PRMEP716803_MES;0
15/06/2023 17:51:00;PRMEP716804_MES;0
15/06/2023 17:51:00;PRMEP716903_MES;0
15/06/2023 17:51:00;PRMEP716904_MES;0
15/06/2023 17:51:00;PRMET409511;0
15/06/2023 17:51:00;PRMET471001;0
15/06/2023 17:51:00;PRMET471002;0
15/06/2023 17:51:00;PRMET471003;0
15/06/2023 17:51:00;PRMET471004;0
15/06/2023 17:51:00;PRMET471005;0
15/06/2023 17:51:00;PRMET471006;0
15/06/2023 17:51:00;PRMET471007;0
15/06/2023 17:51:00;PRMET471008;0
15/06/2023 17:51:00;PRMET471009;0
15/06/2023 17:51:00;PRMET471010;0
15/06/2023 17:51:00;PRMET472001;0
15/06/2023 17:51:00;PRMET472002;0
15/06/2023 17:51:00;PRMET472003;0
15/06/2023 17:51:00;PRMET472004;0
15/06/2023 17:51:00;PRMET472005;0
15/06/2023 17:51:00;PRMET472006;0
15/06/2023 17:51:00;PRMET472007;0
15/06/2023 17:51:00;PRMET472008;0
15/06/2023 17:51:00;PRMET472009;0
15/06/2023 17:51:00;PRMET472010;0
15/06/2023 17:51:00;PRMET473001;0
15/06/2023 17:51:00;PRMET473002;0
15/06/2023 17:51:00;PRMET473003;0
15/06/2023 17:51:00;PRMET473004;0
15/06/2023 17:52:00;PRCOR704006_TEMP;59
15/06/2023 17:52:00;PRCOR704007_TEMP;36
15/06/2023 17:52:00;PRCORP701003_INT;0
15/06/2023 17:52:00;PRCORP702003_INT;0
15/06/2023 17:52:00;PRCORP703003_INT;0
15/06/2023 17:52:00;PRCORP704003_INT;1
15/06/2023 17:52:00;PREVA408501_ETA;0
15/06/2023 17:52:00;PREVA408601_ETA;0
15/06/2023 17:52:00;PREVA408701_ETA;0
15/06/2023 17:52:00;PREVA408801_ETA;0
15/06/2023 17:52:00;PREVA408901_ETA;0
15/06/2023 17:52:00;PREVA409001_ETA;0
15/06/2023 17:52:00;PREVA409101_ETA;0
15/06/2023 17:52:00;PREVA409201_ETA;0
15/06/2023 17:52:00;PREVA815809_ANIM;0
15/06/2023 17:52:00;PREVA915808_ANIM;0
15/06/2023 17:52:00;PRLIC4750_MES;0
15/06/2023 17:52:00;PRMEC815802_MES;0
15/06/2023 17:52:00;PRMEC915839_MES;0
15/06/2023 17:52:00;PRMED400804_MES;0
15/06/2023 17:52:00;PRMED401514_MES;0
15/06/2023 17:52:00;PRMED403514_MES;0
15/06/2023 17:52:00;PRMED476203_MES;0
15/06/2023 17:52:00;PRMED476204_MES;0
15/06/2023 17:52:00;PRMED476603_MES;0
15/06/2023 17:52:00;PRMED476604_MES;0
15/06/2023 17:52:00;PRMED715303_MES;0
15/06/2023 17:52:00;PRMED715304_MES;0
15/06/2023 17:52:00;PRMED715801_MES;0
15/06/2023 17:52:00;PRMED716801_MES;0
15/06/2023 17:52:00;PRMED815804_MES;0
15/06/2023 17:52:00;PRMED915811_MES;0
15/06/2023 17:52:00;PRMEI000301_MES;0
15/06/2023 17:52:00;PRMEI000501_MES;0
15/06/2023 17:52:00;PRMEI000601_MES;0
15/06/2023 17:52:00;PRMEI100401_MES;0
15/06/2023 17:52:00;PRMEI402021_MES;0
15/06/2023 17:52:00;PRMEI404021_MES;0
15/06/2023 17:52:00;PRMEI404501_MES;0
15/06/2023 17:52:00;PRMEI471001;0
15/06/2023 17:52:00;PRMEI472001;0
15/06/2023 17:52:00;PRMEI473001;0
15/06/2023 17:52:00;PRMEI474001;0
15/06/2023 17:52:00;PRMEI475001;0
15/06/2023 17:52:00;PRMEI705101;0
15/06/2023 17:52:00;PRMEI715801_MES;0
15/06/2023 17:52:00;PRMEI815801_MES;0
15/06/2023 17:52:00;PRMEI815802_MES;0
15/06/2023 17:52:00;PRMEI915837_MES;0
15/06/2023 17:52:00;PRMEI915838_MES;0
15/06/2023 17:52:00;PRMEN402011_MES;0
15/06/2023 17:52:00;PRMEN404011_MES;0
15/06/2023 17:52:00;PRMEN405200;0
15/06/2023 17:52:00;PRMEN4055_MES;0
15/06/2023 17:52:00;PRMEN4056_MES;0
15/06/2023 17:52:00;PRMEN4057_MES;0
15/06/2023 17:52:00;PRMEN4058_MES;0
15/06/2023 17:52:00;PRMEN476201_MES;0
15/06/2023 17:52:00;PRMEN476601_MES;0
15/06/2023 17:52:00;PRMEN715301_MES;0
15/06/2023 17:52:00;PRMEN715601_MES;0
15/06/2023 17:52:00;PRMEN716801_MES;0
15/06/2023 17:52:00;PRMEP_AIR_USINE_MES;0
15/06/2023 17:52:00;PRMEP401503_MES;0
15/06/2023 17:52:00;PRMEP403503_MES;0
15/06/2023 17:52:00;PRMEP471001_MES;0
15/06/2023 17:52:00;PRMEP472001_MES;0
15/06/2023 17:52:00;PRMEP473001_MES;0
15/06/2023 17:52:00;PRMEP474001_MES;0
15/06/2023 17:52:00;PRMEP475001_MES;0
15/06/2023 17:52:00;PRMEP716802_MES;0
15/06/2023 17:52:00;PRMEP716803_MES;0
15/06/2023 17:52:00;PRMEP716804_MES;0
15/06/2023 17:52:00;PRMEP716903_MES;0
15/06/2023 17:52:00;PRMEP716904_MES;0
15/06/2023 17:52:00;PRMET409511;0
15/06/2023 17:52:00;PRMET471001;0
15/06/2023 17:52:00;PRMET471002;0
15/06/2023 17:52:00;PRMET471003;0
15/06/2023 17:52:00;PRMET471004;0
15/06/2023 17:52:00;PRMET471005;0
15/06/2023 17:52:00;PRMET471006;0
15/06/2023 17:52:00;PRMET471007;0
15/06/2023 17:52:00;PRMET471008;0
15/06/2023 17:52:00;PRMET471009;0
15/06/2023 17:52:00;PRMET471010;0
15/06/2023 17:52:00;PRMET472001;0
15/06/2023 17:52:00;PRMET472002;0
15/06/2023 17:52:00;PRMET472003;0
15/06/2023 17:52:00;PRMET472004;0
15/06/2023 17:52:00;PRMET472005;0
15/06/2023 17:52:00;PRMET472006;0
15/06/2023 17:52:00;PRMET472007;0
15/06/2023 17:52:00;PRMET472008;0
15/06/2023 17:52:00;PRMET472009;0
15/06/2023 17:52:00;PRMET472010;0
15/06/2023 17:52:00;PRMET473001;0
15/06/2023 17:52:00;PRMET473002;0
15/06/2023 17:52:00;PRMET473003;0
15/06/2023 17:52:00;PRMET473004;0
15/06/2023 17:53:00;PRCOR704006_TEMP;59
15/06/2023 17:53:00;PRCOR704007_TEMP;36
15/06/2023 17:53:00;PRCORP701003_INT;0
15/06/2023 17:53:00;PRCORP702003_INT;0
15/06/2023 17:53:00;PRCORP703003_INT;0
15/06/2023 17:53:00;PRCORP704003_INT;1
15/06/2023 17:53:00;PREVA408501_ETA;0
15/06/2023 17:53:00;PREVA408601_ETA;0
15/06/2023 17:53:00;PREVA408701_ETA;0
15/06/2023 17:53:00;PREVA408801_ETA;0
15/06/2023 17:53:00;PREVA408901_ETA;0
15/06/2023 17:53:00;PREVA409001_ETA;0
15/06/2023 17:53:00;PREVA409101_ETA;0
15/06/2023 17:53:00;PREVA409201_ETA;0
15/06/2023 17:53:00;PREVA815809_ANIM;0
15/06/2023 17:53:00;PREVA915808_ANIM;0
15/06/2023 17:53:00;PRLIC4750_MES;0
15/06/2023 17:53:00;PRMEC815802_MES;0
15/06/2023 17:53:00;PRMEC915839_MES;0
15/06/2023 17:53:00;PRMED400804_MES;0
15/06/2023 17:53:00;PRMED401514_MES;0
15/06/2023 17:53:00;PRMED403514_MES;0
15/06/2023 17:53:00;PRMED476203_MES;0
15/06/2023 17:53:00;PRMED476204_MES;0
15/06/2023 17:53:00;PRMED476603_MES;0
15/06/2023 17:53:00;PRMED476604_MES;0
15/06/2023 17:53:00;PRMED715303_MES;0
15/06/2023 17:53:00;PRMED715304_MES;0
15/06/2023 17:53:00;PRMED715801_MES;0
15/06/2023 17:53:00;PRMED716801_MES;0
15/06/2023 17:53:00;PRMED815804_MES;0
15/06/2023 17:53:00;PRMED915811_MES;0
15/06/2023 17:53:00;PRMEI000301_MES;0
15/06/2023 17:53:00;PRMEI000501_MES;0
15/06/2023 17:53:00;PRMEI000601_MES;0
15/06/2023 17:53:00;PRMEI100401_MES;0
15/06/2023 17:53:00;PRMEI402021_MES;0
15/06/2023 17:53:00;PRMEI404021_MES;0
15/06/2023 17:53:00;PRMEI404501_MES;0
15/06/2023 17:53:00;PRMEI471001;0
15/06/2023 17:53:00;PRMEI472001;0
15/06/2023 17:53:00;PRMEI473001;0
15/06/2023 17:53:00;PRMEI474001;0
15/06/2023 17:53:00;PRMEI475001;0
15/06/2023 17:53:00;PRMEI705101;0
15/06/2023 17:53:00;PRMEI715801_MES;0
15/06/2023 17:53:00;PRMEI815801_MES;0
15/06/2023 17:53:00;PRMEI815802_MES;0
15/06/2023 17:53:00;PRMEI915837_MES;0
15/06/2023 17:53:00;PRMEI915838_MES;0
15/06/2023 17:53:00;PRMEN402011_MES;0
15/06/2023 17:53:00;PRMEN404011_MES;0
15/06/2023 17:53:00;PRMEN405200;0
15/06/2023 17:53:00;PRMEN4055_MES;0
15/06/2023 17:53:00;PRMEN4056_MES;0
15/06/2023 17:53:00;PRMEN4057_MES;0
15/06/2023 17:53:00;PRMEN4058_MES;0
15/06/2023 17:53:00;PRMEN476201_MES;0
15/06/2023 17:53:00;PRMEN476601_MES;0
15/06/2023 17:53:00;PRMEN715301_MES;0
15/06/2023 17:53:00;PRMEN715601_MES;0
15/06/2023 17:53:00;PRMEN716801_MES;0
15/06/2023 17:53:00;PRMEP_AIR_USINE_MES;0
15/06/2023 17:53:00;PRMEP401503_MES;0
15/06/2023 17:53:00;PRMEP403503_MES;0
15/06/2023 17:53:00;PRMEP471001_MES;0
15/06/2023 17:53:00;PRMEP472001_MES;0
15/06/2023 17:53:00;PRMEP473001_MES;0
15/06/2023 17:53:00;PRMEP474001_MES;0
15/06/2023 17:53:00;PRMEP475001_MES;0
15/06/2023 17:53:00;PRMEP716802_MES;0
15/06/2023 17:53:00;PRMEP716803_MES;0
15/06/2023 17:53:00;PRMEP716804_MES;0
15/06/2023 17:53:00;PRMEP716903_MES;0
15/06/2023 17:53:00;PRMEP716904_MES;0
15/06/2023 17:53:00;PRMET409511;0
15/06/2023 17:53:00;PRMET471001;0
15/06/2023 17:53:00;PRMET471002;0
15/06/2023 17:53:00;PRMET471003;0
15/06/2023 17:53:00;PRMET471004;0
15/06/2023 17:53:00;PRMET471005;0
15/06/2023 17:53:00;PRMET471006;0
15/06/2023 17:53:00;PRMET471007;0
15/06/2023 17:53:00;PRMET471008;0
15/06/2023 17:53:00;PRMET471009;0
15/06/2023 17:53:00;PRMET471010;0
15/06/2023 17:53:00;PRMET472001;0
15/06/2023 17:53:00;PRMET472002;0
15/06/2023 17:53:00;PRMET472003;0
15/06/2023 17:53:00;PRMET472004;0
15/06/2023 17:53:00;PRMET472005;0
15/06/2023 17:53:00;PRMET472006;0
15/06/2023 17:53:00;PRMET472007;0
15/06/2023 17:53:00;PRMET472008;0
15/06/2023 17:53:00;PRMET472009;0
15/06/2023 17:53:00;PRMET472010;0
15/06/2023 17:53:00;PRMET473001;0
15/06/2023 17:53:00;PRMET473002;0
15/06/2023 17:53:00;PRMET473003;0
15/06/2023 17:53:00;PRMET473004;0
15/06/2023 17:54:00;PRCOR704006_TEMP;59
15/06/2023 17:54:00;PRCOR704007_TEMP;36
15/06/2023 17:54:00;PRCORP701003_INT;0
15/06/2023 17:54:00;PRCORP702003_INT;0
15/06/2023 17:54:00;PRCORP703003_INT;0
15/06/2023 17:54:00;PRCORP704003_INT;1
15/06/2023 17:54:00;PREVA408501_ETA;0
15/06/2023 17:54:00;PREVA408601_ETA;0
15/06/2023 17:54:00;PREVA408701_ETA;0
15/06/2023 17:54:00;PREVA408801_ETA;0
15/06/2023 17:54:00;PREVA408901_ETA;0
15/06/2023 17:54:00;PREVA409001_ETA;0
15/06/2023 17:54:00;PREVA409101_ETA;0
15/06/2023 17:54:00;PREVA409201_ETA;0
15/06/2023 17:54:00;PREVA815809_ANIM;0
15/06/2023 17:54:00;PREVA915808_ANIM;0
15/06/2023 17:54:00;PRLIC4750_MES;0
15/06/2023 17:54:00;PRMEC815802_MES;0
15/06/2023 17:54:00;PRMEC915839_MES;0
15/06/2023 17:54:00;PRMED400804_MES;0
15/06/2023 17:54:00;PRMED401514_MES;0
15/06/2023 17:54:00;PRMED403514_MES;0
15/06/2023 17:54:00;PRMED476203_MES;0
15/06/2023 17:54:00;PRMED476204_MES;0
15/06/2023 17:54:00;PRMED476603_MES;0
15/06/2023 17:54:00;PRMED476604_MES;0
15/06/2023 17:54:00;PRMED715303_MES;0
15/06/2023 17:54:00;PRMED715304_MES;0
15/06/2023 17:54:00;PRMED715801_MES;0
15/06/2023 17:54:00;PRMED716801_MES;0
15/06/2023 17:54:00;PRMED815804_MES;0
15/06/2023 17:54:00;PRMED915811_MES;0
15/06/2023 17:54:00;PRMEI000301_MES;0
15/06/2023 17:54:00;PRMEI000501_MES;0
15/06/2023 17:54:00;PRMEI000601_MES;0
15/06/2023 17:54:00;PRMEI100401_MES;0
15/06/2023 17:54:00;PRMEI402021_MES;0
15/06/2023 17:54:00;PRMEI404021_MES;0
15/06/2023 17:54:00;PRMEI404501_MES;0
15/06/2023 17:54:00;PRMEI471001;0
15/06/2023 17:54:00;PRMEI472001;0
15/06/2023 17:54:00;PRMEI473001;0
15/06/2023 17:54:00;PRMEI474001;0
15/06/2023 17:54:00;PRMEI475001;0
15/06/2023 17:54:00;PRMEI705101;0
15/06/2023 17:54:00;PRMEI715801_MES;0
15/06/2023 17:54:00;PRMEI815801_MES;0
15/06/2023 17:54:00;PRMEI815802_MES;0
15/06/2023 17:54:00;PRMEI915837_MES;0
15/06/2023 17:54:00;PRMEI915838_MES;0
15/06/2023 17:54:00;PRMEN402011_MES;0
15/06/2023 17:54:00;PRMEN404011_MES;0
15/06/2023 17:54:00;PRMEN405200;0
15/06/2023 17:54:00;PRMEN4055_MES;0
15/06/2023 17:54:00;PRMEN4056_MES;0
15/06/2023 17:54:00;PRMEN4057_MES;0
15/06/2023 17:54:00;PRMEN4058_MES;0
15/06/2023 17:54:00;PRMEN476201_MES;0
15/06/2023 17:54:00;PRMEN476601_MES;0
15/06/2023 17:54:00;PRMEN715301_MES;0
15/06/2023 17:54:00;PRMEN715601_MES;0
15/06/2023 17:54:00;PRMEN716801_MES;0
15/06/2023 17:54:00;PRMEP_AIR_USINE_MES;0
15/06/2023 17:54:00;PRMEP401503_MES;0
15/06/2023 17:54:00;PRMEP403503_MES;0
15/06/2023 17:54:00;PRMEP471001_MES;0
15/06/2023 17:54:00;PRMEP472001_MES;0
15/06/2023 17:54:00;PRMEP473001_MES;0
15/06/2023 17:54:00;PRMEP474001_MES;0
15/06/2023 17:54:00;PRMEP475001_MES;0
15/06/2023 17:54:00;PRMEP716802_MES;0
15/06/2023 17:54:00;PRMEP716803_MES;0
15/06/2023 17:54:00;PRMEP716804_MES;0
15/06/2023 17:54:00;PRMEP716903_MES;0
15/06/2023 17:54:00;PRMEP716904_MES;0
15/06/2023 17:54:00;PRMET409511;0
15/06/2023 17:54:00;PRMET471001;0
15/06/2023 17:54:00;PRMET471002;0
15/06/2023 17:54:00;PRMET471003;0
15/06/2023 17:54:00;PRMET471004;0
15/06/2023 17:54:00;PRMET471005;0
15/06/2023 17:54:00;PRMET471006;0
15/06/2023 17:54:00;PRMET471007;0
15/06/2023 17:54:00;PRMET471008;0
15/06/2023 17:54:00;PRMET471009;0
15/06/2023 17:54:00;PRMET471010;0
15/06/2023 17:54:00;PRMET472001;0
15/06/2023 17:54:00;PRMET472002;0
15/06/2023 17:54:00;PRMET472003;0
15/06/2023 17:54:00;PRMET472004;0
15/06/2023 17:54:00;PRMET472005;0
15/06/2023 17:54:00;PRMET472006;0
15/06/2023 17:54:00;PRMET472007;0
15/06/2023 17:54:00;PRMET472008;0
15/06/2023 17:54:00;PRMET472009;0
15/06/2023 17:54:00;PRMET472010;0
15/06/2023 17:54:00;PRMET473001;0
15/06/2023 17:54:00;PRMET473002;0
15/06/2023 17:54:00;PRMET473003;0
15/06/2023 17:54:00;PRMET473004;0
15/06/2023 17:50:00;PRMET473005;0
15/06/2023 17:50:00;PRMET473006;0
15/06/2023 17:50:00;PRMET473007;0
15/06/2023 17:50:00;PRMET473008;0
15/06/2023 17:50:00;PRMET473009;0
15/06/2023 17:50:00;PRMET473010;0
15/06/2023 17:50:00;PRMET473202;0
15/06/2023 17:50:00;PRMET473203;0
15/06/2023 17:50:00;PRMET473204;0
15/06/2023 17:50:00;PRMET473205;0
15/06/2023 17:50:00;PRMET473206;0
15/06/2023 17:50:00;PRMET474001;0
15/06/2023 17:50:00;PRMET474002;0
15/06/2023 17:50:00;PRMET474003;0
15/06/2023 17:50:00;PRMET474004;0
15/06/2023 17:50:00;PRMET474005;0
15/06/2023 17:50:00;PRMET474006;0
15/06/2023 17:50:00;PRMET474007;0
15/06/2023 17:50:00;PRMET474008;0
15/06/2023 17:50:00;PRMET474009;0
15/06/2023 17:50:00;PRMET474010;0
15/06/2023 17:50:00;PRMET474202;0
15/06/2023 17:50:00;PRMET474203;0
15/06/2023 17:50:00;PRMET474204;0
15/06/2023 17:50:00;PRMET474205;0
15/06/2023 17:50:00;PRMET474206;0
15/06/2023 17:50:00;PRMET475001;0
15/06/2023 17:50:00;PRMET475002;0
15/06/2023 17:50:00;PRMET475003;0
15/06/2023 17:50:00;PRMET475004;0
15/06/2023 17:50:00;PRMET475005;0
15/06/2023 17:50:00;PRMET475006;0
15/06/2023 17:50:00;PRMET475007;0
15/06/2023 17:50:00;PRMET475008;0
15/06/2023 17:50:00;PRMET475009;0
15/06/2023 17:50:00;PRMET475010;0
15/06/2023 17:50:00;PRMET715601_MES;0
15/06/2023 17:50:00;PRMET716804_MES;0
15/06/2023 17:50:00;PRMET716901_MES;0
15/06/2023 17:50:00;PRMET716902_MES;0
15/06/2023 17:50:00;PRMET717002_MES;0
15/06/2023 17:50:00;PRMET815801_MES;0
15/06/2023 17:50:00;PRMET815802_MES;0
15/06/2023 17:50:00;PRMET915813_MES;0
15/06/2023 17:50:00;PRMET915814_MES;0
15/06/2023 17:50:00;PRMEV100301_MES;0
15/06/2023 17:50:00;PRMEV401511_MES;0
15/06/2023 17:50:00;PRMEV402021_MES;0
15/06/2023 17:50:00;PRMEV403511_MES;0
15/06/2023 17:50:00;PRMEV404021_MES;0
15/06/2023 17:50:00;PRMEV405301;0
15/06/2023 17:50:00;PRMEV471001;0
15/06/2023 17:50:00;PRMEV472001;0
15/06/2023 17:50:00;PRMEV473001;0
15/06/2023 17:50:00;PRMEV474001;0
15/06/2023 17:50:00;PRMEV475001;0
15/06/2023 17:50:00;PRMEV815800_MES;0
15/06/2023 17:50:00;PRMEV815801_MES;0
15/06/2023 17:50:00;PRMEV815802_MES;0
15/06/2023 17:50:00;PRMEV915807_MES;0
15/06/2023 17:50:00;PRMEV915809_MES;0
15/06/2023 17:50:00;PRMEV915810_MES;0
15/06/2023 17:50:00;PRMOA408502_INT;0
15/06/2023 17:50:00;PRMOA408602_INT;0
15/06/2023 17:50:00;PRMOA408702_INT;0
15/06/2023 17:50:00;PRMOA408802_INT;0
15/06/2023 17:50:00;PRMOA408902_INT;0
15/06/2023 17:50:00;PRMOA409002_INT;0
15/06/2023 17:50:00;PRMOA409102_INT;0
15/06/2023 17:50:00;PRMOA409202_INT;0
15/06/2023 17:50:00;PRMOB405502_INT;0
15/06/2023 17:50:00;PRMOB405602_INT;0
15/06/2023 17:50:00;PRMOB405702_INT;0
15/06/2023 17:50:00;PRMOB405801_VIT;0
15/06/2023 17:50:00;PRMOB405802_INT;0
15/06/2023 17:50:00;PRMOP471201_INT;0
15/06/2023 17:50:00;PRMOP472201_INT;0
15/06/2023 17:50:00;PRMOP473201_INT;0
15/06/2023 17:50:00;PRMOP474201_INT;0
15/06/2023 17:50:00;PRMOP701202_INT;0
15/06/2023 17:50:00;PRMOP702202_INT;0
15/06/2023 17:50:00;PRMOP703202_INT;0
15/06/2023 17:50:00;PRMOP704202_INT;2
15/06/2023 17:50:00;PRMOV471201_INT;0
15/06/2023 17:50:00;PRMOV471201_VIT;0
15/06/2023 17:50:00;PRMOV471202_INT;0
15/06/2023 17:50:00;PRMOV472201_INT;0
15/06/2023 17:50:00;PRMOV472201_VIT;0
15/06/2023 17:50:00;PRMOV472202_INT;0
15/06/2023 17:50:00;PRMOV473201_INT;0
15/06/2023 17:50:00;PRMOV473201_VIT;0
15/06/2023 17:50:00;PRMOV473202_INT;0
15/06/2023 17:50:00;PRMOV474201_INT;0
15/06/2023 17:50:00;PRMOV474201_VIT;0
15/06/2023 17:50:00;PRMOV474202_INT;0
15/06/2023 17:50:00;PRMOV701101_VIT;0
15/06/2023 17:50:00;PRMOV701102_INT;0
15/06/2023 17:50:00;PRMOV702101_VIT;0
15/06/2023 17:50:00;PRMOV702102_INT;0
15/06/2023 17:50:00;PRMOV703101_VIT;0
15/06/2023 17:51:00;PRMET473005;0
15/06/2023 17:51:00;PRMET473006;0
15/06/2023 17:51:00;PRMET473007;0
15/06/2023 17:51:00;PRMET473008;0
15/06/2023 17:51:00;PRMET473009;0
15/06/2023 17:51:00;PRMET473010;0
15/06/2023 17:51:00;PRMET473202;0
15/06/2023 17:51:00;PRMET473203;0
15/06/2023 17:51:00;PRMET473204;0
15/06/2023 17:51:00;PRMET473205;0
15/06/2023 17:51:00;PRMET473206;0
15/06/2023 17:51:00;PRMET474001;0
15/06/2023 17:51:00;PRMET474002;0
15/06/2023 17:51:00;PRMET474003;0
15/06/2023 17:51:00;PRMET474004;0
15/06/2023 17:51:00;PRMET474005;0
15/06/2023 17:51:00;PRMET474006;0
15/06/2023 17:51:00;PRMET474007;0
15/06/2023 17:51:00;PRMET474008;0
15/06/2023 17:51:00;PRMET474009;0
15/06/2023 17:51:00;PRMET474010;0
15/06/2023 17:51:00;PRMET474202;0
15/06/2023 17:51:00;PRMET474203;0
15/06/2023 17:51:00;PRMET474204;0
15/06/2023 17:51:00;PRMET474205;0
15/06/2023 17:51:00;PRMET474206;0
15/06/2023 17:51:00;PRMET475001;0
15/06/2023 17:51:00;PRMET475002;0
15/06/2023 17:51:00;PRMET475003;0
15/06/2023 17:51:00;PRMET475004;0
15/06/2023 17:51:00;PRMET475005;0
15/06/2023 17:51:00;PRMET475006;0
15/06/2023 17:51:00;PRMET475007;0
15/06/2023 17:51:00;PRMET475008;0
15/06/2023 17:51:00;PRMET475009;0
15/06/2023 17:51:00;PRMET475010;0
15/06/2023 17:51:00;PRMET715601_MES;0
15/06/2023 17:51:00;PRMET716804_MES;0
15/06/2023 17:51:00;PRMET716901_MES;0
15/06/2023 17:51:00;PRMET716902_MES;0
15/06/2023 17:51:00;PRMET717002_MES;0
15/06/2023 17:51:00;PRMET815801_MES;0
15/06/2023 17:51:00;PRMET815802_MES;0
15/06/2023 17:51:00;PRMET915813_MES;0
15/06/2023 17:51:00;PRMET915814_MES;0
15/06/2023 17:51:00;PRMEV100301_MES;0
15/06/2023 17:51:00;PRMEV401511_MES;0
15/06/2023 17:51:00;PRMEV402021_MES;0
15/06/2023 17:51:00;PRMEV403511_MES;0
15/06/2023 17:51:00;PRMEV404021_MES;0
15/06/2023 17:51:00;PRMEV405301;0
15/06/2023 17:51:00;PRMEV471001;0
15/06/2023 17:51:00;PRMEV472001;0
15/06/2023 17:51:00;PRMEV473001;0
15/06/2023 17:51:00;PRMEV474001;0
15/06/2023 17:51:00;PRMEV475001;0
15/06/2023 17:51:00;PRMEV815800_MES;0
15/06/2023 17:51:00;PRMEV815801_MES;0
15/06/2023 17:51:00;PRMEV815802_MES;0
15/06/2023 17:51:00;PRMEV915807_MES;0
15/06/2023 17:51:00;PRMEV915809_MES;0
15/06/2023 17:51:00;PRMEV915810_MES;0
15/06/2023 17:51:00;PRMOA408502_INT;0
15/06/2023 17:51:00;PRMOA408602_INT;0
15/06/2023 17:51:00;PRMOA408702_INT;0
15/06/2023 17:51:00;PRMOA408802_INT;0
15/06/2023 17:51:00;PRMOA408902_INT;0
15/06/2023 17:51:00;PRMOA409002_INT;0
15/06/2023 17:51:00;PRMOA409102_INT;0
15/06/2023 17:51:00;PRMOA409202_INT;0
15/06/2023 17:51:00;PRMOB405502_INT;0
15/06/2023 17:51:00;PRMOB405602_INT;0
15/06/2023 17:51:00;PRMOB405702_INT;0
15/06/2023 17:51:00;PRMOB405801_VIT;0
15/06/2023 17:51:00;PRMOB405802_INT;0
15/06/2023 17:51:00;PRMOP471201_INT;0
15/06/2023 17:51:00;PRMOP472201_INT;0
15/06/2023 17:51:00;PRMOP473201_INT;0
15/06/2023 17:51:00;PRMOP474201_INT;0
15/06/2023 17:51:00;PRMOP701202_INT;0
15/06/2023 17:51:00;PRMOP702202_INT;0
15/06/2023 17:51:00;PRMOP703202_INT;0
15/06/2023 17:51:00;PRMOP704202_INT;2
15/06/2023 17:51:00;PRMOV471201_INT;0
15/06/2023 17:51:00;PRMOV471201_VIT;0
15/06/2023 17:51:00;PRMOV471202_INT;0
15/06/2023 17:51:00;PRMOV472201_INT;0
15/06/2023 17:51:00;PRMOV472201_VIT;0
15/06/2023 17:51:00;PRMOV472202_INT;0
15/06/2023 17:51:00;PRMOV473201_INT;0
15/06/2023 17:51:00;PRMOV473201_VIT;0
15/06/2023 17:51:00;PRMOV473202_INT;0
15/06/2023 17:51:00;PRMOV474201_INT;0
15/06/2023 17:51:00;PRMOV474201_VIT;0
15/06/2023 17:51:00;PRMOV474202_INT;0
15/06/2023 17:51:00;PRMOV701101_VIT;0
15/06/2023 17:51:00;PRMOV701102_INT;0
15/06/2023 17:51:00;PRMOV702101_VIT;0
15/06/2023 17:51:00;PRMOV702102_INT;0
15/06/2023 17:51:00;PRMOV703101_VIT;0
15/06/2023 17:52:00;PRMET473005;0
15/06/2023 17:52:00;PRMET473006;0
15/06/2023 17:52:00;PRMET473007;0
15/06/2023 17:52:00;PRMET473008;0
15/06/2023 17:52:00;PRMET473009;0
15/06/2023 17:52:00;PRMET473010;0
15/06/2023 17:52:00;PRMET473202;0
15/06/2023 17:52:00;PRMET473203;0
15/06/2023 17:52:00;PRMET473204;0
15/06/2023 17:52:00;PRMET473205;0
15/06/2023 17:52:00;PRMET473206;0
15/06/2023 17:52:00;PRMET474001;0
15/06/2023 17:52:00;PRMET474002;0
15/06/2023 17:52:00;PRMET474003;0
15/06/2023 17:52:00;PRMET474004;0
15/06/2023 17:52:00;PRMET474005;0
15/06/2023 17:52:00;PRMET474006;0
15/06/2023 17:52:00;PRMET474007;0
15/06/2023 17:52:00;PRMET474008;0
15/06/2023 17:52:00;PRMET474009;0
15/06/2023 17:52:00;PRMET474010;0
15/06/2023 17:52:00;PRMET474202;0
15/06/2023 17:52:00;PRMET474203;0
15/06/2023 17:52:00;PRMET474204;0
15/06/2023 17:52:00;PRMET474205;0
15/06/2023 17:52:00;PRMET474206;0
15/06/2023 17:52:00;PRMET475001;0
15/06/2023 17:52:00;PRMET475002;0
15/06/2023 17:52:00;PRMET475003;0
15/06/2023 17:52:00;PRMET475004;0
15/06/2023 17:52:00;PRMET475005;0
15/06/2023 17:52:00;PRMET475006;0
15/06/2023 17:52:00;PRMET475007;0
15/06/2023 17:52:00;PRMET475008;0
15/06/2023 17:52:00;PRMET475009;0
15/06/2023 17:52:00;PRMET475010;0
15/06/2023 17:52:00;PRMET715601_MES;0
15/06/2023 17:52:00;PRMET716804_MES;0
15/06/2023 17:52:00;PRMET716901_MES;0
15/06/2023 17:52:00;PRMET716902_MES;0
15/06/2023 17:52:00;PRMET717002_MES;0
15/06/2023 17:52:00;PRMET815801_MES;0
15/06/2023 17:52:00;PRMET815802_MES;0
15/06/2023 17:52:00;PRMET915813_MES;0
15/06/2023 17:52:00;PRMET915814_MES;0
15/06/2023 17:52:00;PRMEV100301_MES;0
15/06/2023 17:52:00;PRMEV401511_MES;0
15/06/2023 17:52:00;PRMEV402021_MES;0
15/06/2023 17:52:00;PRMEV403511_MES;0
15/06/2023 17:52:00;PRMEV404021_MES;0
15/06/2023 17:52:00;PRMEV405301;0
15/06/2023 17:52:00;PRMEV471001;0
15/06/2023 17:52:00;PRMEV472001;0
15/06/2023 17:52:00;PRMEV473001;0
15/06/2023 17:52:00;PRMEV474001;0
15/06/2023 17:52:00;PRMEV475001;0
15/06/2023 17:52:00;PRMEV815800_MES;0
15/06/2023 17:52:00;PRMEV815801_MES;0
15/06/2023 17:52:00;PRMEV815802_MES;0
15/06/2023 17:52:00;PRMEV915807_MES;0
15/06/2023 17:52:00;PRMEV915809_MES;0
15/06/2023 17:52:00;PRMEV915810_MES;0
15/06/2023 17:52:00;PRMOA408502_INT;0
15/06/2023 17:52:00;PRMOA408602_INT;0
15/06/2023 17:52:00;PRMOA408702_INT;0
15/06/2023 17:52:00;PRMOA408802_INT;0
15/06/2023 17:52:00;PRMOA408902_INT;0
15/06/2023 17:52:00;PRMOA409002_INT;0
15/06/2023 17:52:00;PRMOA409102_INT;0
15/06/2023 17:52:00;PRMOA409202_INT;0
15/06/2023 17:52:00;PRMOB405502_INT;0
15/06/2023 17:52:00;PRMOB405602_INT;0
15/06/2023 17:52:00;PRMOB405702_INT;0
15/06/2023 17:52:00;PRMOB405801_VIT;0
15/06/2023 17:52:00;PRMOB405802_INT;0
15/06/2023 17:52:00;PRMOP471201_INT;0
15/06/2023 17:52:00;PRMOP472201_INT;0
15/06/2023 17:52:00;PRMOP473201_INT;0
15/06/2023 17:52:00;PRMOP474201_INT;0
15/06/2023 17:52:00;PRMOP701202_INT;0
15/06/2023 17:52:00;PRMOP702202_INT;0
15/06/2023 17:52:00;PRMOP703202_INT;0
15/06/2023 17:52:00;PRMOP704202_INT;2
15/06/2023 17:52:00;PRMOV471201_INT;0
15/06/2023 17:52:00;PRMOV471201_VIT;0
15/06/2023 17:52:00;PRMOV471202_INT;0
15/06/2023 17:52:00;PRMOV472201_INT;0
15/06/2023 17:52:00;PRMOV472201_VIT;0
15/06/2023 17:52:00;PRMOV472202_INT;0
15/06/2023 17:52:00;PRMOV473201_INT;0
15/06/2023 17:52:00;PRMOV473201_VIT;0
15/06/2023 17:52:00;PRMOV473202_INT;0
15/06/2023 17:52:00;PRMOV474201_INT;0
15/06/2023 17:52:00;PRMOV474201_VIT;0
15/06/2023 17:52:00;PRMOV474202_INT;0
15/06/2023 17:52:00;PRMOV701101_VIT;0
15/06/2023 17:52:00;PRMOV701102_INT;0
15/06/2023 17:52:00;PRMOV702101_VIT;0
15/06/2023 17:52:00;PRMOV702102_INT;0
15/06/2023 17:52:00;PRMOV703101_VIT;0
15/06/2023 17:53:00;PRMET473005;0
15/06/2023 17:53:00;PRMET473006;0
15/06/2023 17:53:00;PRMET473007;0
15/06/2023 17:53:00;PRMET473008;0
15/06/2023 17:53:00;PRMET473009;0
15/06/2023 17:53:00;PRMET473010;0
15/06/2023 17:53:00;PRMET473202;0
15/06/2023 17:53:00;PRMET473203;0
15/06/2023 17:53:00;PRMET473204;0
15/06/2023 17:53:00;PRMET473205;0
15/06/2023 17:53:00;PRMET473206;0
15/06/2023 17:53:00;PRMET474001;0
15/06/2023 17:53:00;PRMET474002;0
15/06/2023 17:53:00;PRMET474003;0
15/06/2023 17:53:00;PRMET474004;0
15/06/2023 17:53:00;PRMET474005;0
15/06/2023 17:53:00;PRMET474006;0
15/06/2023 17:53:00;PRMET474007;0
15/06/2023 17:53:00;PRMET474008;0
15/06/2023 17:53:00;PRMET474009;0
15/06/2023 17:53:00;PRMET474010;0
15/06/2023 17:53:00;PRMET474202;0
15/06/2023 17:53:00;PRMET474203;0
15/06/2023 17:53:00;PRMET474204;0
15/06/2023 17:53:00;PRMET474205;0
15/06/2023 17:53:00;PRMET474206;0
15/06/2023 17:53:00;PRMET475001;0
15/06/2023 17:53:00;PRMET475002;0
15/06/2023 17:53:00;PRMET475003;0
15/06/2023 17:53:00;PRMET475004;0
15/06/2023 17:53:00;PRMET475005;0
15/06/2023 17:53:00;PRMET475006;0
15/06/2023 17:53:00;PRMET475007;0
15/06/2023 17:53:00;PRMET475008;0
15/06/2023 17:53:00;PRMET475009;0
15/06/2023 17:53:00;PRMET475010;0
15/06/2023 17:53:00;PRMET715601_MES;0
15/06/2023 17:53:00;PRMET716804_MES;0
15/06/2023 17:53:00;PRMET716901_MES;0
15/06/2023 17:53:00;PRMET716902_MES;0
15/06/2023 17:53:00;PRMET717002_MES;0
15/06/2023 17:53:00;PRMET815801_MES;0
15/06/2023 17:53:00;PRMET815802_MES;0
15/06/2023 17:53:00;PRMET915813_MES;0
15/06/2023 17:53:00;PRMET915814_MES;0
15/06/2023 17:53:00;PRMEV100301_MES;0
15/06/2023 17:53:00;PRMEV401511_MES;0
15/06/2023 17:53:00;PRMEV402021_MES;0
15/06/2023 17:53:00;PRMEV403511_MES;0
15/06/2023 17:53:00;PRMEV404021_MES;0
15/06/2023 17:53:00;PRMEV405301;0
15/06/2023 17:53:00;PRMEV471001;0
15/06/2023 17:53:00;PRMEV472001;0
15/06/2023 17:53:00;PRMEV473001;0
15/06/2023 17:53:00;PRMEV474001;0
15/06/2023 17:53:00;PRMEV475001;0
15/06/2023 17:53:00;PRMEV815800_MES;0
15/06/2023 17:53:00;PRMEV815801_MES;0
15/06/2023 17:53:00;PRMEV815802_MES;0
15/06/2023 17:53:00;PRMEV915807_MES;0
15/06/2023 17:53:00;PRMEV915809_MES;0
15/06/2023 17:53:00;PRMEV915810_MES;0
15/06/2023 17:53:00;PRMOA408502_INT;0
15/06/2023 17:53:00;PRMOA408602_INT;0
15/06/2023 17:53:00;PRMOA408702_INT;0
15/06/2023 17:53:00;PRMOA408802_INT;0
15/06/2023 17:53:00;PRMOA408902_INT;0
15/06/2023 17:53:00;PRMOA409002_INT;0
15/06/2023 17:53:00;PRMOA409102_INT;0
15/06/2023 17:53:00;PRMOA409202_INT;0
15/06/2023 17:53:00;PRMOB405502_INT;0
15/06/2023 17:53:00;PRMOB405602_INT;0
15/06/2023 17:53:00;PRMOB405702_INT;0
15/06/2023 17:53:00;PRMOB405801_VIT;0
15/06/2023 17:53:00;PRMOB405802_INT;0
15/06/2023 17:53:00;PRMOP471201_INT;0
15/06/2023 17:53:00;PRMOP472201_INT;0
15/06/2023 17:53:00;PRMOP473201_INT;0
15/06/2023 17:53:00;PRMOP474201_INT;0
15/06/2023 17:53:00;PRMOP701202_INT;0
15/06/2023 17:53:00;PRMOP702202_INT;0
15/06/2023 17:53:00;PRMOP703202_INT;0
15/06/2023 17:53:00;PRMOP704202_INT;2
15/06/2023 17:53:00;PRMOV471201_INT;0
15/06/2023 17:53:00;PRMOV471201_VIT;0
15/06/2023 17:53:00;PRMOV471202_INT;0
15/06/2023 17:53:00;PRMOV472201_INT;0
15/06/2023 17:53:00;PRMOV472201_VIT;0
15/06/2023 17:53:00;PRMOV472202_INT;0
15/06/2023 17:53:00;PRMOV473201_INT;0
15/06/2023 17:53:00;PRMOV473201_VIT;0
15/06/2023 17:53:00;PRMOV473202_INT;0
15/06/2023 17:53:00;PRMOV474201_INT;0
15/06/2023 17:53:00;PRMOV474201_VIT;0
15/06/2023 17:53:00;PRMOV474202_INT;0
15/06/2023 17:53:00;PRMOV701101_VIT;0
15/06/2023 17:53:00;PRMOV701102_INT;0
15/06/2023 17:53:00;PRMOV702101_VIT;0
15/06/2023 17:53:00;PRMOV702102_INT;0
15/06/2023 17:53:00;PRMOV703101_VIT;0
15/06/2023 17:54:00;PRMET473005;0
15/06/2023 17:54:00;PRMET473006;0
15/06/2023 17:54:00;PRMET473007;0
15/06/2023 17:54:00;PRMET473008;0
15/06/2023 17:54:00;PRMET473009;0
15/06/2023 17:54:00;PRMET473010;0
15/06/2023 17:54:00;PRMET473202;0
15/06/2023 17:54:00;PRMET473203;0
15/06/2023 17:54:00;PRMET473204;0
15/06/2023 17:54:00;PRMET473205;0
15/06/2023 17:54:00;PRMET473206;0
15/06/2023 17:54:00;PRMET474001;0
15/06/2023 17:54:00;PRMET474002;0
15/06/2023 17:54:00;PRMET474003;0
15/06/2023 17:54:00;PRMET474004;0
15/06/2023 17:54:00;PRMET474005;0
15/06/2023 17:54:00;PRMET474006;0
15/06/2023 17:54:00;PRMET474007;0
15/06/2023 17:54:00;PRMET474008;0
15/06/2023 17:54:00;PRMET474009;0
15/06/2023 17:54:00;PRMET474010;0
15/06/2023 17:54:00;PRMET474202;0
15/06/2023 17:54:00;PRMET474203;0
15/06/2023 17:54:00;PRMET474204;0
15/06/2023 17:54:00;PRMET474205;0
15/06/2023 17:54:00;PRMET474206;0
15/06/2023 17:54:00;PRMET475001;0
15/06/2023 17:54:00;PRMET475002;0
15/06/2023 17:54:00;PRMET475003;0
15/06/2023 17:54:00;PRMET475004;0
15/06/2023 17:54:00;PRMET475005;0
15/06/2023 17:54:00;PRMET475006;0
15/06/2023 17:54:00;PRMET475007;0
15/06/2023 17:54:00;PRMET475008;0
15/06/2023 17:54:00;PRMET475009;0
15/06/2023 17:54:00;PRMET475010;0
15/06/2023 17:54:00;PRMET715601_MES;0
15/06/2023 17:54:00;PRMET716804_MES;0
15/06/2023 17:54:00;PRMET716901_MES;0
15/06/2023 17:54:00;PRMET716902_MES;0
15/06/2023 17:54:00;PRMET717002_MES;0
15/06/2023 17:54:00;PRMET815801_MES;0
15/06/2023 17:54:00;PRMET815802_MES;0
15/06/2023 17:54:00;PRMET915813_MES;0
15/06/2023 17:54:00;PRMET915814_MES;0
15/06/2023 17:54:00;PRMEV100301_MES;0
15/06/2023 17:54:00;PRMEV401511_MES;0
15/06/2023 17:54:00;PRMEV402021_MES;0
15/06/2023 17:54:00;PRMEV403511_MES;0
15/06/2023 17:54:00;PRMEV404021_MES;0
15/06/2023 17:54:00;PRMEV405301;0
15/06/2023 17:54:00;PRMEV471001;0
15/06/2023 17:54:00;PRMEV472001;0
15/06/2023 17:54:00;PRMEV473001;0
15/06/2023 17:54:00;PRMEV474001;0
15/06/2023 17:54:00;PRMEV475001;0
15/06/2023 17:54:00;PRMEV815800_MES;0
15/06/2023 17:54:00;PRMEV815801_MES;0
15/06/2023 17:54:00;PRMEV815802_MES;0
15/06/2023 17:54:00;PRMEV915807_MES;0
15/06/2023 17:54:00;PRMEV915809_MES;0
15/06/2023 17:54:00;PRMEV915810_MES;0
15/06/2023 17:54:00;PRMOA408502_INT;0
15/06/2023 17:54:00;PRMOA408602_INT;0
15/06/2023 17:54:00;PRMOA408702_INT;0
15/06/2023 17:54:00;PRMOA408802_INT;0
15/06/2023 17:54:00;PRMOA408902_INT;0
15/06/2023 17:54:00;PRMOA409002_INT;0
15/06/2023 17:54:00;PRMOA409102_INT;0
15/06/2023 17:54:00;PRMOA409202_INT;0
15/06/2023 17:54:00;PRMOB405502_INT;0
15/06/2023 17:54:00;PRMOB405602_INT;0
15/06/2023 17:54:00;PRMOB405702_INT;0
15/06/2023 17:54:00;PRMOB405801_VIT;0
15/06/2023 17:54:00;PRMOB405802_INT;0
15/06/2023 17:54:00;PRMOP471201_INT;0
15/06/2023 17:54:00;PRMOP472201_INT;0
15/06/2023 17:54:00;PRMOP473201_INT;0
15/06/2023 17:54:00;PRMOP474201_INT;0
15/06/2023 17:54:00;PRMOP701202_INT;0
15/06/2023 17:54:00;PRMOP702202_INT;0
15/06/2023 17:54:00;PRMOP703202_INT;0
15/06/2023 17:54:00;PRMOP704202_INT;2
15/06/2023 17:54:00;PRMOV471201_INT;0
15/06/2023 17:54:00;PRMOV471201_VIT;0
15/06/2023 17:54:00;PRMOV471202_INT;0
15/06/2023 17:54:00;PRMOV472201_INT;0
15/06/2023 17:54:00;PRMOV472201_VIT;0
15/06/2023 17:54:00;PRMOV472202_INT;0
15/06/2023 17:54:00;PRMOV473201_INT;0
15/06/2023 17:54:00;PRMOV473201_VIT;0
15/06/2023 17:54:00;PRMOV473202_INT;0
15/06/2023 17:54:00;PRMOV474201_INT;0
15/06/2023 17:54:00;PRMOV474201_VIT;0
15/06/2023 17:54:00;PRMOV474202_INT;0
15/06/2023 17:54:00;PRMOV701101_VIT;0
15/06/2023 17:54:00;PRMOV701102_INT;0
15/06/2023 17:54:00;PRMOV702101_VIT;0
15/06/2023 17:54:00;PRMOV702102_INT;0
15/06/2023 17:54:00;PRMOV703101_VIT;0
15/06/2023 17:50:00;PLMED470001_MES;0
15/06/2023 17:50:00;PRDPM701001_EDEF;0
15/06/2023 17:50:00;PRDPM703001_EDEF;0
15/06/2023 17:50:00;PRMED471001_MES;0
15/06/2023 17:50:00;PRMED475001_MES;0
15/06/2023 17:50:00;PRMED701001_MES;0
15/06/2023 17:50:00;PRMED705001_MES;0
15/06/2023 17:50:00;PRMEDAIR061_MES;0
15/06/2023 17:50:00;PRMEDAIR081_MES;0
15/06/2023 17:50:00;PRMEP_AIR_USINE_MES;0
15/06/2023 17:50:00;PRMOI815801_CPTH;0
15/06/2023 17:50:00;PRMOI915801_CPTH;0
15/06/2023 17:50:00;PRMOV703102_INT;0
15/06/2023 17:50:00;PRMOV704101_VIT;0
15/06/2023 17:50:00;PRMOV704102_INT;1
15/06/2023 17:50:00;PRMOX408501_ETA;0
15/06/2023 17:50:00;PRMOX408601_ETA;0
15/06/2023 17:50:00;PRMOX408701_ETA;0
15/06/2023 17:50:00;PRMOX408801_ETA;0
15/06/2023 17:50:00;PRMOX408901_ETA;0
15/06/2023 17:50:00;PRMOX409001_ETA;0
15/06/2023 17:50:00;PRMOX409101_ETA;0
15/06/2023 17:50:00;PRMOX409201_ETA;0
15/06/2023 17:50:00;PRREG4058_MES;0
15/06/2023 17:50:00;PRREG4070_MES;0
15/06/2023 17:50:00;PRREG4083_MES;0
15/06/2023 17:50:00;PRREG4085_MES;0
15/06/2023 17:50:00;PRREG4086_MES;0
15/06/2023 17:50:00;PRREG4087_MES;0
15/06/2023 17:50:00;PRREG4088_MES;0
15/06/2023 17:50:00;PRREG4089_MES;0
15/06/2023 17:50:00;PRREG4090_MES;0
15/06/2023 17:50:00;PRREG4091_MES;0
15/06/2023 17:50:00;PRREG4092_MES;0
15/06/2023 17:50:00;PRREG4092_SOR;0
15/06/2023 17:50:00;PRREG4700_MES;0
15/06/2023 17:50:00;PRREG4800_MES;0
15/06/2023 17:50:00;PRREG7050_MES;0
15/06/2023 17:50:00;PRREG7050_SOR;0
15/06/2023 17:50:00;PRTPA401010_ANIM;0
15/06/2023 17:50:00;PRTPA401020_ANIM;0
15/06/2023 17:50:00;PRTPA403000_ANIM;0
15/06/2023 17:50:00;PRTPA405501_ETA;0
15/06/2023 17:50:00;PRTPA405601_ETA;0
15/06/2023 17:50:00;PRTPA405701_ETA;0
15/06/2023 17:50:00;PRTPA405801_ETA;0
15/06/2023 17:50:00;SG_CHOIX_CELLULE_1;0
15/06/2023 17:50:00;SG_CHOIX_CELLULE_2;0
15/06/2023 17:50:00;SG_PRODUIT_G1;0
15/06/2023 17:50:00;SG_PRODUIT_G10;0
15/06/2023 17:50:00;SG_PRODUIT_G11;0
15/06/2023 17:50:00;SG_PRODUIT_G12;0
15/06/2023 17:50:00;SG_PRODUIT_G13;0
15/06/2023 17:50:00;SG_PRODUIT_G14;0
15/06/2023 17:50:00;SG_PRODUIT_G15;0
15/06/2023 17:50:00;SG_PRODUIT_G16;0
15/06/2023 17:50:00;SG_PRODUIT_G2;0
15/06/2023 17:50:00;SG_PRODUIT_G3;0
15/06/2023 17:50:00;SG_PRODUIT_G4;0
15/06/2023 17:50:00;SG_PRODUIT_G5;0
15/06/2023 17:50:00;SG_PRODUIT_G6;0
15/06/2023 17:50:00;SG_PRODUIT_G7;0
15/06/2023 17:50:00;SG_PRODUIT_G8;0
15/06/2023 17:50:00;SG_PRODUIT_G9;0
15/06/2023 17:50:00;SG_PRODUIT_PREPA;0
15/06/2023 17:50:00;SGMED0TI101_MES;0
15/06/2023 17:50:00;SGMED0TI201_MES;0
15/06/2023 17:50:00;SGMEN000101_MES;0
15/06/2023 17:50:00;SGMEN000201_MES;0
15/06/2023 17:50:00;SGMEN000301_MES;0
15/06/2023 17:50:00;SGMEN000401_MES;0
15/06/2023 17:50:00;SGMEN000501_MES;0
15/06/2023 17:50:00;SGMEN000601_MES;0
15/06/2023 17:50:00;SGMEN000701_MES;0
15/06/2023 17:50:00;SGMEN000801_MES;0
15/06/2023 17:50:00;SGMEN000901_MES;0
15/06/2023 17:50:00;SGMEN001001_MES;0
15/06/2023 17:50:00;SGMEN001101_MES;0
15/06/2023 17:50:00;SGMEN001201_MES;0
15/06/2023 17:50:00;SGMEN001301_MES;0
15/06/2023 17:50:00;SGMEN001401_MES;0
15/06/2023 17:50:00;SGMEN001501_MES;0
15/06/2023 17:50:00;SGMEN001601_MES;0
15/06/2023 17:50:00;SGMPO000122_MES;0
15/06/2023 17:50:00;SGMPO000222_MES;0
15/06/2023 17:50:00;SGMPO000322_MES;0
15/06/2023 17:50:00;SGMPO000422_MES;0
15/06/2023 17:50:00;SGMPO000522_MES;0
15/06/2023 17:50:00;SGMPO000622_MES;0
15/06/2023 17:50:00;SGMPO000722_MES;0
15/06/2023 17:50:00;SGMPO000822_MES;0
15/06/2023 17:50:00;SGMPO000922_MES;0
15/06/2023 17:50:00;SGMPO001022_MES;0
15/06/2023 17:50:00;SGMPO001122_MES;0
15/06/2023 17:50:00;SGMPO001222_MES;0
15/06/2023 17:50:00;SGMPO001322_MES;0
15/06/2023 17:50:00;SGMPO001422_MES;0
15/06/2023 17:50:00;SGMPO001522_MES;0
15/06/2023 17:50:00;SGMPO001622_MES;0
15/06/2023 17:50:00;SGREG_SOUTIRAGE_MES;0
15/06/2023 17:51:00;PLMED470001_MES;0
15/06/2023 17:51:00;PRDPM701001_EDEF;0
15/06/2023 17:51:00;PRDPM703001_EDEF;0
15/06/2023 17:51:00;PRMED471001_MES;0
15/06/2023 17:51:00;PRMED475001_MES;0
15/06/2023 17:51:00;PRMED701001_MES;0
15/06/2023 17:51:00;PRMED705001_MES;0
15/06/2023 17:51:00;PRMEDAIR061_MES;0
15/06/2023 17:51:00;PRMEDAIR081_MES;0
15/06/2023 17:51:00;PRMEP_AIR_USINE_MES;0
15/06/2023 17:51:00;PRMOI815801_CPTH;0
15/06/2023 17:51:00;PRMOI915801_CPTH;0
15/06/2023 17:51:00;PRMOV703102_INT;0
15/06/2023 17:51:00;PRMOV704101_VIT;0
15/06/2023 17:51:00;PRMOV704102_INT;1
15/06/2023 17:51:00;PRMOX408501_ETA;0
15/06/2023 17:51:00;PRMOX408601_ETA;0
15/06/2023 17:51:00;PRMOX408701_ETA;0
15/06/2023 17:51:00;PRMOX408801_ETA;0
15/06/2023 17:51:00;PRMOX408901_ETA;0
15/06/2023 17:51:00;PRMOX409001_ETA;0
15/06/2023 17:51:00;PRMOX409101_ETA;0
15/06/2023 17:51:00;PRMOX409201_ETA;0
15/06/2023 17:51:00;PRREG4058_MES;0
15/06/2023 17:51:00;PRREG4070_MES;0
15/06/2023 17:51:00;PRREG4083_MES;0
15/06/2023 17:51:00;PRREG4085_MES;0
15/06/2023 17:51:00;PRREG4086_MES;0
15/06/2023 17:51:00;PRREG4087_MES;0
15/06/2023 17:51:00;PRREG4088_MES;0
15/06/2023 17:51:00;PRREG4089_MES;0
15/06/2023 17:51:00;PRREG4090_MES;0
15/06/2023 17:51:00;PRREG4091_MES;0
15/06/2023 17:51:00;PRREG4092_MES;0
15/06/2023 17:51:00;PRREG4092_SOR;0
15/06/2023 17:51:00;PRREG4700_MES;0
15/06/2023 17:51:00;PRREG4800_MES;0
15/06/2023 17:51:00;PRREG7050_MES;0
15/06/2023 17:51:00;PRREG7050_SOR;0
15/06/2023 17:51:00;PRTPA401010_ANIM;0
15/06/2023 17:51:00;PRTPA401020_ANIM;0
15/06/2023 17:51:00;PRTPA403000_ANIM;0
15/06/2023 17:51:00;PRTPA405501_ETA;0
15/06/2023 17:51:00;PRTPA405601_ETA;0
15/06/2023 17:51:00;PRTPA405701_ETA;0
15/06/2023 17:51:00;PRTPA405801_ETA;0
15/06/2023 17:51:00;SG_CHOIX_CELLULE_1;0
15/06/2023 17:51:00;SG_CHOIX_CELLULE_2;0
15/06/2023 17:51:00;SG_PRODUIT_G1;0
15/06/2023 17:51:00;SG_PRODUIT_G10;0
15/06/2023 17:51:00;SG_PRODUIT_G11;0
15/06/2023 17:51:00;SG_PRODUIT_G12;0
15/06/2023 17:51:00;SG_PRODUIT_G13;0
15/06/2023 17:51:00;SG_PRODUIT_G14;0
15/06/2023 17:51:00;SG_PRODUIT_G15;0
15/06/2023 17:51:00;SG_PRODUIT_G16;0
15/06/2023 17:51:00;SG_PRODUIT_G2;0
15/06/2023 17:51:00;SG_PRODUIT_G3;0
15/06/2023 17:51:00;SG_PRODUIT_G4;0
15/06/2023 17:51:00;SG_PRODUIT_G5;0
15/06/2023 17:51:00;SG_PRODUIT_G6;0
15/06/2023 17:51:00;SG_PRODUIT_G7;0
15/06/2023 17:51:00;SG_PRODUIT_G8;0
15/06/2023 17:51:00;SG_PRODUIT_G9;0
15/06/2023 17:51:00;SG_PRODUIT_PREPA;0
15/06/2023 17:51:00;SGMED0TI101_MES;0
15/06/2023 17:51:00;SGMED0TI201_MES;0
15/06/2023 17:51:00;SGMEN000101_MES;0
15/06/2023 17:51:00;SGMEN000201_MES;0
15/06/2023 17:51:00;SGMEN000301_MES;0
15/06/2023 17:51:00;SGMEN000401_MES;0
15/06/2023 17:51:00;SGMEN000501_MES;0
15/06/2023 17:51:00;SGMEN000601_MES;0
15/06/2023 17:51:00;SGMEN000701_MES;0
15/06/2023 17:51:00;SGMEN000801_MES;0
15/06/2023 17:51:00;SGMEN000901_MES;0
15/06/2023 17:51:00;SGMEN001001_MES;0
15/06/2023 17:51:00;SGMEN001101_MES;0
15/06/2023 17:51:00;SGMEN001201_MES;0
15/06/2023 17:51:00;SGMEN001301_MES;0
15/06/2023 17:51:00;SGMEN001401_MES;0
15/06/2023 17:51:00;SGMEN001501_MES;0
15/06/2023 17:51:00;SGMEN001601_MES;0
15/06/2023 17:51:00;SGMPO000122_MES;0
15/06/2023 17:51:00;SGMPO000222_MES;0
15/06/2023 17:51:00;SGMPO000322_MES;0
15/06/2023 17:51:00;SGMPO000422_MES;0
15/06/2023 17:51:00;SGMPO000522_MES;0
15/06/2023 17:51:00;SGMPO000622_MES;0
15/06/2023 17:51:00;SGMPO000722_MES;0
15/06/2023 17:51:00;SGMPO000822_MES;0
15/06/2023 17:51:00;SGMPO000922_MES;0
15/06/2023 17:51:00;SGMPO001022_MES;0
15/06/2023 17:51:00;SGMPO001122_MES;0
15/06/2023 17:51:00;SGMPO001222_MES;0
15/06/2023 17:51:00;SGMPO001322_MES;0
15/06/2023 17:51:00;SGMPO001422_MES;0
15/06/2023 17:51:00;SGMPO001522_MES;0
15/06/2023 17:51:00;SGMPO001622_MES;0
15/06/2023 17:51:00;SGREG_SOUTIRAGE_MES;0
15/06/2023 17:52:00;PLMED470001_MES;0
15/06/2023 17:52:00;PRDPM701001_EDEF;0
15/06/2023 17:52:00;PRDPM703001_EDEF;0
15/06/2023 17:52:00;PRMED471001_MES;0
15/06/2023 17:52:00;PRMED475001_MES;0
15/06/2023 17:52:00;PRMED701001_MES;0
15/06/2023 17:52:00;PRMED705001_MES;0
15/06/2023 17:52:00;PRMEDAIR061_MES;0
15/06/2023 17:52:00;PRMEDAIR081_MES;0
15/06/2023 17:52:00;PRMEP_AIR_USINE_MES;0
15/06/2023 17:52:00;PRMOI815801_CPTH;0
15/06/2023 17:52:00;PRMOI915801_CPTH;0
15/06/2023 17:52:00;PRMOV703102_INT;0
15/06/2023 17:52:00;PRMOV704101_VIT;0
15/06/2023 17:52:00;PRMOV704102_INT;1
15/06/2023 17:52:00;PRMOX408501_ETA;0
15/06/2023 17:52:00;PRMOX408601_ETA;0
15/06/2023 17:52:00;PRMOX408701_ETA;0
15/06/2023 17:52:00;PRMOX408801_ETA;0
15/06/2023 17:52:00;PRMOX408901_ETA;0
15/06/2023 17:52:00;PRMOX409001_ETA;0
15/06/2023 17:52:00;PRMOX409101_ETA;0
15/06/2023 17:52:00;PRMOX409201_ETA;0
15/06/2023 17:52:00;PRREG4058_MES;0
15/06/2023 17:52:00;PRREG4070_MES;0
15/06/2023 17:52:00;PRREG4083_MES;0
15/06/2023 17:52:00;PRREG4085_MES;0
15/06/2023 17:52:00;PRREG4086_MES;0
15/06/2023 17:52:00;PRREG4087_MES;0
15/06/2023 17:52:00;PRREG4088_MES;0
15/06/2023 17:52:00;PRREG4089_MES;0
15/06/2023 17:52:00;PRREG4090_MES;0
15/06/2023 17:52:00;PRREG4091_MES;0
15/06/2023 17:52:00;PRREG4092_MES;0
15/06/2023 17:52:00;PRREG4092_SOR;0
15/06/2023 17:52:00;PRREG4700_MES;0
15/06/2023 17:52:00;PRREG4800_MES;0
15/06/2023 17:52:00;PRREG7050_MES;0
15/06/2023 17:52:00;PRREG7050_SOR;0
15/06/2023 17:52:00;PRTPA401010_ANIM;0
15/06/2023 17:52:00;PRTPA401020_ANIM;0
15/06/2023 17:52:00;PRTPA403000_ANIM;0
15/06/2023 17:52:00;PRTPA405501_ETA;0
15/06/2023 17:52:00;PRTPA405601_ETA;0
15/06/2023 17:52:00;PRTPA405701_ETA;0
15/06/2023 17:52:00;PRTPA405801_ETA;0
15/06/2023 17:52:00;SG_CHOIX_CELLULE_1;0
15/06/2023 17:52:00;SG_CHOIX_CELLULE_2;0
15/06/2023 17:52:00;SG_PRODUIT_G1;0
15/06/2023 17:52:00;SG_PRODUIT_G10;0
15/06/2023 17:52:00;SG_PRODUIT_G11;0
15/06/2023 17:52:00;SG_PRODUIT_G12;0
15/06/2023 17:52:00;SG_PRODUIT_G13;0
15/06/2023 17:52:00;SG_PRODUIT_G14;0
15/06/2023 17:52:00;SG_PRODUIT_G15;0
15/06/2023 17:52:00;SG_PRODUIT_G16;0
15/06/2023 17:52:00;SG_PRODUIT_G2;0
15/06/2023 17:52:00;SG_PRODUIT_G3;0
15/06/2023 17:52:00;SG_PRODUIT_G4;0
15/06/2023 17:52:00;SG_PRODUIT_G5;0
15/06/2023 17:52:00;SG_PRODUIT_G6;0
15/06/2023 17:52:00;SG_PRODUIT_G7;0
15/06/2023 17:52:00;SG_PRODUIT_G8;0
15/06/2023 17:52:00;SG_PRODUIT_G9;0
15/06/2023 17:52:00;SG_PRODUIT_PREPA;0
15/06/2023 17:52:00;SGMED0TI101_MES;0
15/06/2023 17:52:00;SGMED0TI201_MES;0
15/06/2023 17:52:00;SGMEN000101_MES;0
15/06/2023 17:52:00;SGMEN000201_MES;0
15/06/2023 17:52:00;SGMEN000301_MES;0
15/06/2023 17:52:00;SGMEN000401_MES;0
15/06/2023 17:52:00;SGMEN000501_MES;0
15/06/2023 17:52:00;SGMEN000601_MES;0
15/06/2023 17:52:00;SGMEN000701_MES;0
15/06/2023 17:52:00;SGMEN000801_MES;0
15/06/2023 17:52:00;SGMEN000901_MES;0
15/06/2023 17:52:00;SGMEN001001_MES;0
15/06/2023 17:52:00;SGMEN001101_MES;0
15/06/2023 17:52:00;SGMEN001201_MES;0
15/06/2023 17:52:00;SGMEN001301_MES;0
15/06/2023 17:52:00;SGMEN001401_MES;0
15/06/2023 17:52:00;SGMEN001501_MES;0
15/06/2023 17:52:00;SGMEN001601_MES;0
15/06/2023 17:52:00;SGMPO000122_MES;0
15/06/2023 17:52:00;SGMPO000222_MES;0
15/06/2023 17:52:00;SGMPO000322_MES;0
15/06/2023 17:52:00;SGMPO000422_MES;0
15/06/2023 17:52:00;SGMPO000522_MES;0
15/06/2023 17:52:00;SGMPO000622_MES;0
15/06/2023 17:52:00;SGMPO000722_MES;0
15/06/2023 17:52:00;SGMPO000822_MES;0
15/06/2023 17:52:00;SGMPO000922_MES;0
15/06/2023 17:52:00;SGMPO001022_MES;0
15/06/2023 17:52:00;SGMPO001122_MES;0
15/06/2023 17:52:00;SGMPO001222_MES;0
15/06/2023 17:52:00;SGMPO001322_MES;0
15/06/2023 17:52:00;SGMPO001422_MES;0
15/06/2023 17:52:00;SGMPO001522_MES;0
15/06/2023 17:52:00;SGMPO001622_MES;0
15/06/2023 17:52:00;SGREG_SOUTIRAGE_MES;0
15/06/2023 17:53:00;PLMED470001_MES;0
15/06/2023 17:53:00;PRDPM701001_EDEF;0
15/06/2023 17:53:00;PRDPM703001_EDEF;0
15/06/2023 17:53:00;PRMED471001_MES;0
15/06/2023 17:53:00;PRMED475001_MES;0
15/06/2023 17:53:00;PRMED701001_MES;0
15/06/2023 17:53:00;PRMED705001_MES;0
15/06/2023 17:53:00;PRMEDAIR061_MES;0
15/06/2023 17:53:00;PRMEDAIR081_MES;0
15/06/2023 17:53:00;PRMEP_AIR_USINE_MES;0
15/06/2023 17:53:00;PRMOI815801_CPTH;0
15/06/2023 17:53:00;PRMOI915801_CPTH;0
15/06/2023 17:53:00;PRMOV703102_INT;0
15/06/2023 17:53:00;PRMOV704101_VIT;0
15/06/2023 17:53:00;PRMOV704102_INT;1
15/06/2023 17:53:00;PRMOX408501_ETA;0
15/06/2023 17:53:00;PRMOX408601_ETA;0
15/06/2023 17:53:00;PRMOX408701_ETA;0
15/06/2023 17:53:00;PRMOX408801_ETA;0
15/06/2023 17:53:00;PRMOX408901_ETA;0
15/06/2023 17:53:00;PRMOX409001_ETA;0
15/06/2023 17:53:00;PRMOX409101_ETA;0
15/06/2023 17:53:00;PRMOX409201_ETA;0
15/06/2023 17:53:00;PRREG4058_MES;0
15/06/2023 17:53:00;PRREG4070_MES;0
15/06/2023 17:53:00;PRREG4083_MES;0
15/06/2023 17:53:00;PRREG4085_MES;0
15/06/2023 17:53:00;PRREG4086_MES;0
15/06/2023 17:53:00;PRREG4087_MES;0
15/06/2023 17:53:00;PRREG4088_MES;0
15/06/2023 17:53:00;PRREG4089_MES;0
15/06/2023 17:53:00;PRREG4090_MES;0
15/06/2023 17:53:00;PRREG4091_MES;0
15/06/2023 17:53:00;PRREG4092_MES;0
15/06/2023 17:53:00;PRREG4092_SOR;0
15/06/2023 17:53:00;PRREG4700_MES;0
15/06/2023 17:53:00;PRREG4800_MES;0
15/06/2023 17:53:00;PRREG7050_MES;0
15/06/2023 17:53:00;PRREG7050_SOR;0
15/06/2023 17:53:00;PRTPA401010_ANIM;0
15/06/2023 17:53:00;PRTPA401020_ANIM;0
15/06/2023 17:53:00;PRTPA403000_ANIM;0
15/06/2023 17:53:00;PRTPA405501_ETA;0
15/06/2023 17:53:00;PRTPA405601_ETA;0
15/06/2023 17:53:00;PRTPA405701_ETA;0
15/06/2023 17:53:00;PRTPA405801_ETA;0
15/06/2023 17:53:00;SG_CHOIX_CELLULE_1;0
15/06/2023 17:53:00;SG_CHOIX_CELLULE_2;0
15/06/2023 17:53:00;SG_PRODUIT_G1;0
15/06/2023 17:53:00;SG_PRODUIT_G10;0
15/06/2023 17:53:00;SG_PRODUIT_G11;0
15/06/2023 17:53:00;SG_PRODUIT_G12;0
15/06/2023 17:53:00;SG_PRODUIT_G13;0
15/06/2023 17:53:00;SG_PRODUIT_G14;0
15/06/2023 17:53:00;SG_PRODUIT_G15;0
15/06/2023 17:53:00;SG_PRODUIT_G16;0
15/06/2023 17:53:00;SG_PRODUIT_G2;0
15/06/2023 17:53:00;SG_PRODUIT_G3;0
15/06/2023 17:53:00;SG_PRODUIT_G4;0
15/06/2023 17:53:00;SG_PRODUIT_G5;0
15/06/2023 17:53:00;SG_PRODUIT_G6;0
15/06/2023 17:53:00;SG_PRODUIT_G7;0
15/06/2023 17:53:00;SG_PRODUIT_G8;0
15/06/2023 17:53:00;SG_PRODUIT_G9;0
15/06/2023 17:53:00;SG_PRODUIT_PREPA;0
15/06/2023 17:53:00;SGMED0TI101_MES;0
15/06/2023 17:53:00;SGMED0TI201_MES;0
15/06/2023 17:53:00;SGMEN000101_MES;0
15/06/2023 17:53:00;SGMEN000201_MES;0
15/06/2023 17:53:00;SGMEN000301_MES;0
15/06/2023 17:53:00;SGMEN000401_MES;0
15/06/2023 17:53:00;SGMEN000501_MES;0
15/06/2023 17:53:00;SGMEN000601_MES;0
15/06/2023 17:53:00;SGMEN000701_MES;0
15/06/2023 17:53:00;SGMEN000801_MES;0
15/06/2023 17:53:00;SGMEN000901_MES;0
15/06/2023 17:53:00;SGMEN001001_MES;0
15/06/2023 17:53:00;SGMEN001101_MES;0
15/06/2023 17:53:00;SGMEN001201_MES;0
15/06/2023 17:53:00;SGMEN001301_MES;0
15/06/2023 17:53:00;SGMEN001401_MES;0
15/06/2023 17:53:00;SGMEN001501_MES;0
15/06/2023 17:53:00;SGMEN001601_MES;0
15/06/2023 17:53:00;SGMPO000122_MES;0
15/06/2023 17:53:00;SGMPO000222_MES;0
15/06/2023 17:53:00;SGMPO000322_MES;0
15/06/2023 17:53:00;SGMPO000422_MES;0
15/06/2023 17:53:00;SGMPO000522_MES;0
15/06/2023 17:53:00;SGMPO000622_MES;0
15/06/2023 17:53:00;SGMPO000722_MES;0
15/06/2023 17:53:00;SGMPO000822_MES;0
15/06/2023 17:53:00;SGMPO000922_MES;0
15/06/2023 17:53:00;SGMPO001022_MES;0
15/06/2023 17:53:00;SGMPO001122_MES;0
15/06/2023 17:53:00;SGMPO001222_MES;0
15/06/2023 17:53:00;SGMPO001322_MES;0
15/06/2023 17:53:00;SGMPO001422_MES;0
15/06/2023 17:53:00;SGMPO001522_MES;0
15/06/2023 17:53:00;SGMPO001622_MES;0
15/06/2023 17:53:00;SGREG_SOUTIRAGE_MES;0
15/06/2023 17:54:00;PLMED470001_MES;0
15/06/2023 17:54:00;PRDPM701001_EDEF;0
15/06/2023 17:54:00;PRDPM703001_EDEF;0
15/06/2023 17:54:00;PRMED471001_MES;0
15/06/2023 17:54:00;PRMED475001_MES;0
15/06/2023 17:54:00;PRMED701001_MES;0
15/06/2023 17:54:00;PRMED705001_MES;0
15/06/2023 17:54:00;PRMEDAIR061_MES;0
15/06/2023 17:54:00;PRMEDAIR081_MES;0
15/06/2023 17:54:00;PRMEP_AIR_USINE_MES;0
15/06/2023 17:54:00;PRMOI815801_CPTH;0
15/06/2023 17:54:00;PRMOI915801_CPTH;0
15/06/2023 17:54:00;PRMOV703102_INT;0
15/06/2023 17:54:00;PRMOV704101_VIT;0
15/06/2023 17:54:00;PRMOV704102_INT;1
15/06/2023 17:54:00;PRMOX408501_ETA;0
15/06/2023 17:54:00;PRMOX408601_ETA;0
15/06/2023 17:54:00;PRMOX408701_ETA;0
15/06/2023 17:54:00;PRMOX408801_ETA;0
15/06/2023 17:54:00;PRMOX408901_ETA;0
15/06/2023 17:54:00;PRMOX409001_ETA;0
15/06/2023 17:54:00;PRMOX409101_ETA;0
15/06/2023 17:54:00;PRMOX409201_ETA;0
15/06/2023 17:54:00;PRREG4058_MES;0
15/06/2023 17:54:00;PRREG4070_MES;0
15/06/2023 17:54:00;PRREG4083_MES;0
15/06/2023 17:54:00;PRREG4085_MES;0
15/06/2023 17:54:00;PRREG4086_MES;0
15/06/2023 17:54:00;PRREG4087_MES;0
15/06/2023 17:54:00;PRREG4088_MES;0
15/06/2023 17:54:00;PRREG4089_MES;0
15/06/2023 17:54:00;PRREG4090_MES;0
15/06/2023 17:54:00;PRREG4091_MES;0
15/06/2023 17:54:00;PRREG4092_MES;0
15/06/2023 17:54:00;PRREG4092_SOR;0
15/06/2023 17:54:00;PRREG4700_MES;0
15/06/2023 17:54:00;PRREG4800_MES;0
15/06/2023 17:54:00;PRREG7050_MES;0
15/06/2023 17:54:00;PRREG7050_SOR;0
15/06/2023 17:54:00;PRTPA401010_ANIM;0
15/06/2023 17:54:00;PRTPA401020_ANIM;0
15/06/2023 17:54:00;PRTPA403000_ANIM;0
15/06/2023 17:54:00;PRTPA405501_ETA;0
15/06/2023 17:54:00;PRTPA405601_ETA;0
15/06/2023 17:54:00;PRTPA405701_ETA;0
15/06/2023 17:54:00;PRTPA405801_ETA;0
15/06/2023 17:54:00;SG_CHOIX_CELLULE_1;0
15/06/2023 17:54:00;SG_CHOIX_CELLULE_2;0
15/06/2023 17:54:00;SG_PRODUIT_G1;0
15/06/2023 17:54:00;SG_PRODUIT_G10;0
15/06/2023 17:54:00;SG_PRODUIT_G11;0
15/06/2023 17:54:00;SG_PRODUIT_G12;0
15/06/2023 17:54:00;SG_PRODUIT_G13;0
15/06/2023 17:54:00;SG_PRODUIT_G14;0
15/06/2023 17:54:00;SG_PRODUIT_G15;0
15/06/2023 17:54:00;SG_PRODUIT_G16;0
15/06/2023 17:54:00;SG_PRODUIT_G2;0
15/06/2023 17:54:00;SG_PRODUIT_G3;0
15/06/2023 17:54:00;SG_PRODUIT_G4;0
15/06/2023 17:54:00;SG_PRODUIT_G5;0
15/06/2023 17:54:00;SG_PRODUIT_G6;0
15/06/2023 17:54:00;SG_PRODUIT_G7;0
15/06/2023 17:54:00;SG_PRODUIT_G8;0
15/06/2023 17:54:00;SG_PRODUIT_G9;0
15/06/2023 17:54:00;SG_PRODUIT_PREPA;0
15/06/2023 17:54:00;SGMED0TI101_MES;0
15/06/2023 17:54:00;SGMED0TI201_MES;0
15/06/2023 17:54:00;SGMEN000101_MES;0
15/06/2023 17:54:00;SGMEN000201_MES;0
15/06/2023 17:54:00;SGMEN000301_MES;0
15/06/2023 17:54:00;SGMEN000401_MES;0
15/06/2023 17:54:00;SGMEN000501_MES;0
15/06/2023 17:54:00;SGMEN000601_MES;0
15/06/2023 17:54:00;SGMEN000701_MES;0
15/06/2023 17:54:00;SGMEN000801_MES;0
15/06/2023 17:54:00;SGMEN000901_MES;0
15/06/2023 17:54:00;SGMEN001001_MES;0
15/06/2023 17:54:00;SGMEN001101_MES;0
15/06/2023 17:54:00;SGMEN001201_MES;0
15/06/2023 17:54:00;SGMEN001301_MES;0
15/06/2023 17:54:00;SGMEN001401_MES;0
15/06/2023 17:54:00;SGMEN001501_MES;0
15/06/2023 17:54:00;SGMEN001601_MES;0
15/06/2023 17:54:00;SGMPO000122_MES;0
15/06/2023 17:54:00;SGMPO000222_MES;0
15/06/2023 17:54:00;SGMPO000322_MES;0
15/06/2023 17:54:00;SGMPO000422_MES;0
15/06/2023 17:54:00;SGMPO000522_MES;0
15/06/2023 17:54:00;SGMPO000622_MES;0
15/06/2023 17:54:00;SGMPO000722_MES;0
15/06/2023 17:54:00;SGMPO000822_MES;0
15/06/2023 17:54:00;SGMPO000922_MES;0
15/06/2023 17:54:00;SGMPO001022_MES;0
15/06/2023 17:54:00;SGMPO001122_MES;0
15/06/2023 17:54:00;SGMPO001222_MES;0
15/06/2023 17:54:00;SGMPO001322_MES;0
15/06/2023 17:54:00;SGMPO001422_MES;0
15/06/2023 17:54:00;SGMPO001522_MES;0
15/06/2023 17:54:00;SGMPO001622_MES;0
15/06/2023 17:54:00;SGREG_SOUTIRAGE_MES;0
15/06/2023 17:50:00;PR_FORAGE_CPTJ;0
15/06/2023 17:50:00;PR_FORAGE_CPTV;0
15/06/2023 17:50:00;PRCOMPAUTO1;0
15/06/2023 17:50:00;PRCOMPAUTO2;0
15/06/2023 17:50:00;PRCOMPAUTO3;0
15/06/2023 17:50:00;PRCOMPAUTO4;0
15/06/2023 17:50:00;PRMEDAIR010_MES;0
15/06/2023 17:50:00;PRMEDAIR021_MES;0
15/06/2023 17:50:00;PRMEDAIR031_MES;0
15/06/2023 17:50:00;PRMEDAIR041_MES;0
15/06/2023 17:50:00;PRMEDAIR051_MES;0
15/06/2023 17:51:00;PR_FORAGE_CPTJ;0
15/06/2023 17:51:00;PR_FORAGE_CPTV;0
15/06/2023 17:51:00;PRCOMPAUTO1;0
15/06/2023 17:51:00;PRCOMPAUTO2;0
15/06/2023 17:51:00;PRCOMPAUTO3;0
15/06/2023 17:51:00;PRCOMPAUTO4;0
15/06/2023 17:51:00;PRMEDAIR010_MES;0
15/06/2023 17:51:00;PRMEDAIR021_MES;0
15/06/2023 17:51:00;PRMEDAIR031_MES;0
15/06/2023 17:51:00;PRMEDAIR041_MES;0
15/06/2023 17:51:00;PRMEDAIR051_MES;0
15/06/2023 17:52:00;PR_FORAGE_CPTJ;0
15/06/2023 17:52:00;PR_FORAGE_CPTV;0
15/06/2023 17:52:00;PRCOMPAUTO1;0
15/06/2023 17:52:00;PRCOMPAUTO2;0
15/06/2023 17:52:00;PRCOMPAUTO3;0
15/06/2023 17:52:00;PRCOMPAUTO4;0
15/06/2023 17:52:00;PRMEDAIR010_MES;0
15/06/2023 17:52:00;PRMEDAIR021_MES;0
15/06/2023 17:52:00;PRMEDAIR031_MES;0
15/06/2023 17:52:00;PRMEDAIR041_MES;0
15/06/2023 17:52:00;PRMEDAIR051_MES;0
15/06/2023 17:53:00;PR_FORAGE_CPTJ;0
15/06/2023 17:53:00;PR_FORAGE_CPTV;0
15/06/2023 17:53:00;PRCOMPAUTO1;0
15/06/2023 17:53:00;PRCOMPAUTO2;0
15/06/2023 17:53:00;PRCOMPAUTO3;0
15/06/2023 17:53:00;PRCOMPAUTO4;0
15/06/2023 17:53:00;PRMEDAIR010_MES;0
15/06/2023 17:53:00;PRMEDAIR021_MES;0
15/06/2023 17:53:00;PRMEDAIR031_MES;0
15/06/2023 17:53:00;PRMEDAIR041_MES;0
15/06/2023 17:53:00;PRMEDAIR051_MES;0
15/06/2023 17:54:00;PR_FORAGE_CPTJ;0
15/06/2023 17:54:00;PR_FORAGE_CPTV;0
15/06/2023 17:54:00;PRCOMPAUTO1;0
15/06/2023 17:54:00;PRCOMPAUTO2;0
15/06/2023 17:54:00;PRCOMPAUTO3;0
15/06/2023 17:54:00;PRCOMPAUTO4;0
15/06/2023 17:54:00;PRMEDAIR010_MES;0
15/06/2023 17:54:00;PRMEDAIR021_MES;0
15/06/2023 17:54:00;PRMEDAIR031_MES;0
15/06/2023 17:54:00;PRMEDAIR041_MES;0
15/06/2023 17:54:00;PRMEDAIR051_MES;0
